longitude,latitude,start_date,end_date,label,id
-55.757342025591,-11.561458332288,2000-02-18,2017-03-18,NoClass,1
-55.755215546613,-11.561458332288,2000-02-18,2017-03-18,NoClass,2
-55.753089067636,-11.561458332288,2000-02-18,2017-03-18,NoClass,3
-55.750962588659,-11.561458332288,2000-02-18,2017-03-18,NoClass,4
-55.748836109681,-11.561458332288,2000-02-18,2017-03-18,NoClass,5
-55.746709630704,-11.561458332288,2000-02-18,2017-03-18,NoClass,6
-55.744583151726,-11.561458332288,2000-02-18,2017-03-18,NoClass,7
-55.742456672749,-11.561458332288,2000-02-18,2017-03-18,NoClass,8
-55.740330193772,-11.561458332288,2000-02-18,2017-03-18,NoClass,9
-55.738203714794,-11.561458332288,2000-02-18,2017-03-18,NoClass,10
-55.736077235817,-11.561458332288,2000-02-18,2017-03-18,NoClass,11
-55.73395075684,-11.561458332288,2000-02-18,2017-03-18,NoClass,12
-55.731824277862,-11.561458332288,2000-02-18,2017-03-18,NoClass,13
-55.729697798885,-11.561458332288,2000-02-18,2017-03-18,NoClass,14
-55.727571319908,-11.561458332288,2000-02-18,2017-03-18,NoClass,15
-55.72544484093,-11.561458332288,2000-02-18,2017-03-18,NoClass,16
-55.723318361953,-11.561458332288,2000-02-18,2017-03-18,NoClass,17
-55.721191882976,-11.561458332288,2000-02-18,2017-03-18,NoClass,18
-55.719065403998,-11.561458332288,2000-02-18,2017-03-18,NoClass,19
-55.716938925021,-11.561458332288,2000-02-18,2017-03-18,NoClass,20
-55.714812446044,-11.561458332288,2000-02-18,2017-03-18,NoClass,21
-55.712685967066,-11.561458332288,2000-02-18,2017-03-18,NoClass,22
-55.710559488089,-11.561458332288,2000-02-18,2017-03-18,NoClass,23
-55.708433009112,-11.561458332288,2000-02-18,2017-03-18,NoClass,24
-55.706306530134,-11.561458332288,2000-02-18,2017-03-18,NoClass,25
-55.704180051157,-11.561458332288,2000-02-18,2017-03-18,NoClass,26
-55.702053572179,-11.561458332288,2000-02-18,2017-03-18,NoClass,27
-55.699927093202,-11.561458332288,2000-02-18,2017-03-18,NoClass,28
-55.697800614225,-11.561458332288,2000-02-18,2017-03-18,NoClass,29
-55.695674135247,-11.561458332288,2000-02-18,2017-03-18,NoClass,30
-55.69354765627,-11.561458332288,2000-02-18,2017-03-18,NoClass,31
-55.691421177293,-11.561458332288,2000-02-18,2017-03-18,NoClass,32
-55.689294698315,-11.561458332288,2000-02-18,2017-03-18,NoClass,33
-55.687168219338,-11.561458332288,2000-02-18,2017-03-18,NoClass,34
-55.685041740361,-11.561458332288,2000-02-18,2017-03-18,NoClass,35
-55.682915261383,-11.561458332288,2000-02-18,2017-03-18,NoClass,36
-55.680788782406,-11.561458332288,2000-02-18,2017-03-18,NoClass,37
-55.678662303429,-11.561458332288,2000-02-18,2017-03-18,NoClass,38
-55.676535824451,-11.561458332288,2000-02-18,2017-03-18,NoClass,39
-55.674409345474,-11.561458332288,2000-02-18,2017-03-18,NoClass,40
-55.672282866497,-11.561458332288,2000-02-18,2017-03-18,NoClass,41
-55.670156387519,-11.561458332288,2000-02-18,2017-03-18,NoClass,42
-55.756927322332,-11.559374998955,2000-02-18,2017-03-18,NoClass,43
-55.754800859171,-11.559374998955,2000-02-18,2017-03-18,NoClass,44
-55.75267439601,-11.559374998955,2000-02-18,2017-03-18,NoClass,45
-55.750547932848,-11.559374998955,2000-02-18,2017-03-18,NoClass,46
-55.748421469687,-11.559374998955,2000-02-18,2017-03-18,NoClass,47
-55.746295006526,-11.559374998955,2000-02-18,2017-03-18,NoClass,48
-55.744168543364,-11.559374998955,2000-02-18,2017-03-18,NoClass,49
-55.742042080203,-11.559374998955,2000-02-18,2017-03-18,NoClass,50
-55.739915617042,-11.559374998955,2000-02-18,2017-03-18,NoClass,51
-55.73778915388,-11.559374998955,2000-02-18,2017-03-18,NoClass,52
-55.735662690719,-11.559374998955,2000-02-18,2017-03-18,NoClass,53
-55.733536227558,-11.559374998955,2000-02-18,2017-03-18,NoClass,54
-55.731409764396,-11.559374998955,2000-02-18,2017-03-18,NoClass,55
-55.729283301235,-11.559374998955,2000-02-18,2017-03-18,NoClass,56
-55.727156838073,-11.559374998955,2000-02-18,2017-03-18,NoClass,57
-55.725030374912,-11.559374998955,2000-02-18,2017-03-18,NoClass,58
-55.722903911751,-11.559374998955,2000-02-18,2017-03-18,NoClass,59
-55.720777448589,-11.559374998955,2000-02-18,2017-03-18,NoClass,60
-55.718650985428,-11.559374998955,2000-02-18,2017-03-18,NoClass,61
-55.716524522267,-11.559374998955,2000-02-18,2017-03-18,NoClass,62
-55.714398059105,-11.559374998955,2000-02-18,2017-03-18,NoClass,63
-55.712271595944,-11.559374998955,2000-02-18,2017-03-18,NoClass,64
-55.710145132783,-11.559374998955,2000-02-18,2017-03-18,NoClass,65
-55.708018669621,-11.559374998955,2000-02-18,2017-03-18,NoClass,66
-55.70589220646,-11.559374998955,2000-02-18,2017-03-18,NoClass,67
-55.703765743298,-11.559374998955,2000-02-18,2017-03-18,NoClass,68
-55.701639280137,-11.559374998955,2000-02-18,2017-03-18,NoClass,69
-55.699512816976,-11.559374998955,2000-02-18,2017-03-18,NoClass,70
-55.697386353815,-11.559374998955,2000-02-18,2017-03-18,NoClass,71
-55.695259890653,-11.559374998955,2000-02-18,2017-03-18,NoClass,72
-55.693133427492,-11.559374998955,2000-02-18,2017-03-18,NoClass,73
-55.69100696433,-11.559374998955,2000-02-18,2017-03-18,NoClass,74
-55.688880501169,-11.559374998955,2000-02-18,2017-03-18,NoClass,75
-55.686754038008,-11.559374998955,2000-02-18,2017-03-18,NoClass,76
-55.684627574846,-11.559374998955,2000-02-18,2017-03-18,NoClass,77
-55.682501111685,-11.559374998955,2000-02-18,2017-03-18,NoClass,78
-55.680374648524,-11.559374998955,2000-02-18,2017-03-18,NoClass,79
-55.678248185362,-11.559374998955,2000-02-18,2017-03-18,NoClass,80
-55.676121722201,-11.559374998955,2000-02-18,2017-03-18,NoClass,81
-55.67399525904,-11.559374998955,2000-02-18,2017-03-18,NoClass,82
-55.671868795878,-11.559374998955,2000-02-18,2017-03-18,NoClass,83
-55.669742332717,-11.559374998955,2000-02-18,2017-03-18,NoClass,84
-55.75651269896,-11.557291665622,2000-02-18,2017-03-18,NoClass,85
-55.754386251611,-11.557291665622,2000-02-18,2017-03-18,NoClass,86
-55.752259804263,-11.557291665622,2000-02-18,2017-03-18,NoClass,87
-55.750133356914,-11.557291665622,2000-02-18,2017-03-18,NoClass,88
-55.748006909566,-11.557291665622,2000-02-18,2017-03-18,NoClass,89
-55.745880462218,-11.557291665622,2000-02-18,2017-03-18,NoClass,90
-55.743754014869,-11.557291665622,2000-02-18,2017-03-18,NoClass,91
-55.741627567521,-11.557291665622,2000-02-18,2017-03-18,NoClass,92
-55.739501120172,-11.557291665622,2000-02-18,2017-03-18,NoClass,93
-55.737374672824,-11.557291665622,2000-02-18,2017-03-18,NoClass,94
-55.735248225476,-11.557291665622,2000-02-18,2017-03-18,NoClass,95
-55.733121778127,-11.557291665622,2000-02-18,2017-03-18,NoClass,96
-55.730995330779,-11.557291665622,2000-02-18,2017-03-18,NoClass,97
-55.72886888343,-11.557291665622,2000-02-18,2017-03-18,NoClass,98
-55.726742436082,-11.557291665622,2000-02-18,2017-03-18,NoClass,99
-55.724615988733,-11.557291665622,2000-02-18,2017-03-18,NoClass,100
-55.722489541385,-11.557291665622,2000-02-18,2017-03-18,NoClass,101
-55.720363094037,-11.557291665622,2000-02-18,2017-03-18,NoClass,102
-55.718236646688,-11.557291665622,2000-02-18,2017-03-18,NoClass,103
-55.71611019934,-11.557291665622,2000-02-18,2017-03-18,NoClass,104
-55.713983751991,-11.557291665622,2000-02-18,2017-03-18,NoClass,105
-55.711857304643,-11.557291665622,2000-02-18,2017-03-18,NoClass,106
-55.709730857295,-11.557291665622,2000-02-18,2017-03-18,NoClass,107
-55.707604409946,-11.557291665622,2000-02-18,2017-03-18,NoClass,108
-55.705477962598,-11.557291665622,2000-02-18,2017-03-18,NoClass,109
-55.703351515249,-11.557291665622,2000-02-18,2017-03-18,NoClass,110
-55.701225067901,-11.557291665622,2000-02-18,2017-03-18,NoClass,111
-55.699098620553,-11.557291665622,2000-02-18,2017-03-18,NoClass,112
-55.696972173204,-11.557291665622,2000-02-18,2017-03-18,NoClass,113
-55.694845725856,-11.557291665622,2000-02-18,2017-03-18,NoClass,114
-55.692719278507,-11.557291665622,2000-02-18,2017-03-18,NoClass,115
-55.690592831159,-11.557291665622,2000-02-18,2017-03-18,NoClass,116
-55.68846638381,-11.557291665622,2000-02-18,2017-03-18,NoClass,117
-55.686339936462,-11.557291665622,2000-02-18,2017-03-18,NoClass,118
-55.684213489114,-11.557291665622,2000-02-18,2017-03-18,NoClass,119
-55.682087041765,-11.557291665622,2000-02-18,2017-03-18,NoClass,120
-55.679960594417,-11.557291665622,2000-02-18,2017-03-18,NoClass,121
-55.677834147069,-11.557291665622,2000-02-18,2017-03-18,NoClass,122
-55.67570769972,-11.557291665622,2000-02-18,2017-03-18,NoClass,123
-55.673581252372,-11.557291665622,2000-02-18,2017-03-18,NoClass,124
-55.671454805023,-11.557291665622,2000-02-18,2017-03-18,NoClass,125
-55.669328357675,-11.557291665622,2000-02-18,2017-03-18,NoClass,126
-55.756098155469,-11.555208332289,2000-02-18,2017-03-18,NoClass,127
-55.753971723931,-11.555208332289,2000-02-18,2017-03-18,NoClass,128
-55.751845292392,-11.555208332289,2000-02-18,2017-03-18,NoClass,129
-55.749718860854,-11.555208332289,2000-02-18,2017-03-18,NoClass,130
-55.747592429315,-11.555208332289,2000-02-18,2017-03-18,NoClass,131
-55.745465997777,-11.555208332289,2000-02-18,2017-03-18,NoClass,132
-55.743339566238,-11.555208332289,2000-02-18,2017-03-18,NoClass,133
-55.7412131347,-11.555208332289,2000-02-18,2017-03-18,NoClass,134
-55.739086703161,-11.555208332289,2000-02-18,2017-03-18,NoClass,135
-55.736960271623,-11.555208332289,2000-02-18,2017-03-18,NoClass,136
-55.734833840084,-11.555208332289,2000-02-18,2017-03-18,NoClass,137
-55.732707408546,-11.555208332289,2000-02-18,2017-03-18,NoClass,138
-55.730580977007,-11.555208332289,2000-02-18,2017-03-18,NoClass,139
-55.728454545469,-11.555208332289,2000-02-18,2017-03-18,NoClass,140
-55.72632811393,-11.555208332289,2000-02-18,2017-03-18,NoClass,141
-55.724201682392,-11.555208332289,2000-02-18,2017-03-18,NoClass,142
-55.722075250853,-11.555208332289,2000-02-18,2017-03-18,NoClass,143
-55.719948819315,-11.555208332289,2000-02-18,2017-03-18,NoClass,144
-55.717822387776,-11.555208332289,2000-02-18,2017-03-18,NoClass,145
-55.715695956237,-11.555208332289,2000-02-18,2017-03-18,NoClass,146
-55.713569524699,-11.555208332289,2000-02-18,2017-03-18,NoClass,147
-55.71144309316,-11.555208332289,2000-02-18,2017-03-18,NoClass,148
-55.709316661622,-11.555208332289,2000-02-18,2017-03-18,NoClass,149
-55.707190230083,-11.555208332289,2000-02-18,2017-03-18,NoClass,150
-55.705063798545,-11.555208332289,2000-02-18,2017-03-18,NoClass,151
-55.702937367006,-11.555208332289,2000-02-18,2017-03-18,NoClass,152
-55.700810935468,-11.555208332289,2000-02-18,2017-03-18,NoClass,153
-55.698684503929,-11.555208332289,2000-02-18,2017-03-18,NoClass,154
-55.696558072391,-11.555208332289,2000-02-18,2017-03-18,NoClass,155
-55.694431640852,-11.555208332289,2000-02-18,2017-03-18,NoClass,156
-55.692305209314,-11.555208332289,2000-02-18,2017-03-18,NoClass,157
-55.690178777775,-11.555208332289,2000-02-18,2017-03-18,NoClass,158
-55.688052346237,-11.555208332289,2000-02-18,2017-03-18,NoClass,159
-55.685925914698,-11.555208332289,2000-02-18,2017-03-18,NoClass,160
-55.68379948316,-11.555208332289,2000-02-18,2017-03-18,NoClass,161
-55.681673051621,-11.555208332289,2000-02-18,2017-03-18,NoClass,162
-55.679546620083,-11.555208332289,2000-02-18,2017-03-18,NoClass,163
-55.677420188544,-11.555208332289,2000-02-18,2017-03-18,NoClass,164
-55.675293757006,-11.555208332289,2000-02-18,2017-03-18,NoClass,165
-55.673167325467,-11.555208332289,2000-02-18,2017-03-18,NoClass,166
-55.671040893929,-11.555208332289,2000-02-18,2017-03-18,NoClass,167
-55.66891446239,-11.555208332289,2000-02-18,2017-03-18,NoClass,168
-55.755683691858,-11.553124998956,2000-02-18,2017-03-18,NoClass,169
-55.753557276127,-11.553124998956,2000-02-18,2017-03-18,NoClass,170
-55.751430860395,-11.553124998956,2000-02-18,2017-03-18,NoClass,171
-55.749304444663,-11.553124998956,2000-02-18,2017-03-18,NoClass,172
-55.747178028932,-11.553124998956,2000-02-18,2017-03-18,NoClass,173
-55.7450516132,-11.553124998956,2000-02-18,2017-03-18,NoClass,174
-55.742925197468,-11.553124998956,2000-02-18,2017-03-18,NoClass,175
-55.740798781737,-11.553124998956,2000-02-18,2017-03-18,NoClass,176
-55.738672366005,-11.553124998956,2000-02-18,2017-03-18,NoClass,177
-55.736545950273,-11.553124998956,2000-02-18,2017-03-18,NoClass,178
-55.734419534542,-11.553124998956,2000-02-18,2017-03-18,NoClass,179
-55.73229311881,-11.553124998956,2000-02-18,2017-03-18,NoClass,180
-55.730166703079,-11.553124998956,2000-02-18,2017-03-18,NoClass,181
-55.728040287347,-11.553124998956,2000-02-18,2017-03-18,NoClass,182
-55.725913871615,-11.553124998956,2000-02-18,2017-03-18,NoClass,183
-55.723787455884,-11.553124998956,2000-02-18,2017-03-18,NoClass,184
-55.721661040152,-11.553124998956,2000-02-18,2017-03-18,NoClass,185
-55.71953462442,-11.553124998956,2000-02-18,2017-03-18,NoClass,186
-55.717408208688,-11.553124998956,2000-02-18,2017-03-18,NoClass,187
-55.715281792957,-11.553124998956,2000-02-18,2017-03-18,NoClass,188
-55.713155377225,-11.553124998956,2000-02-18,2017-03-18,NoClass,189
-55.711028961494,-11.553124998956,2000-02-18,2017-03-18,NoClass,190
-55.708902545762,-11.553124998956,2000-02-18,2017-03-18,NoClass,191
-55.70677613003,-11.553124998956,2000-02-18,2017-03-18,NoClass,192
-55.704649714299,-11.553124998956,2000-02-18,2017-03-18,NoClass,193
-55.702523298567,-11.553124998956,2000-02-18,2017-03-18,NoClass,194
-55.700396882835,-11.553124998956,2000-02-18,2017-03-18,NoClass,195
-55.698270467104,-11.553124998956,2000-02-18,2017-03-18,NoClass,196
-55.696144051372,-11.553124998956,2000-02-18,2017-03-18,NoClass,197
-55.69401763564,-11.553124998956,2000-02-18,2017-03-18,NoClass,198
-55.691891219909,-11.553124998956,2000-02-18,2017-03-18,NoClass,199
-55.689764804177,-11.553124998956,2000-02-18,2017-03-18,NoClass,200
-55.687638388445,-11.553124998956,2000-02-18,2017-03-18,NoClass,201
-55.685511972714,-11.553124998956,2000-02-18,2017-03-18,NoClass,202
-55.683385556982,-11.553124998956,2000-02-18,2017-03-18,NoClass,203
-55.68125914125,-11.553124998956,2000-02-18,2017-03-18,NoClass,204
-55.679132725519,-11.553124998956,2000-02-18,2017-03-18,NoClass,205
-55.677006309787,-11.553124998956,2000-02-18,2017-03-18,NoClass,206
-55.674879894055,-11.553124998956,2000-02-18,2017-03-18,NoClass,207
-55.672753478324,-11.553124998956,2000-02-18,2017-03-18,NoClass,208
-55.670627062592,-11.553124998956,2000-02-18,2017-03-18,NoClass,209
-55.668500646861,-11.553124998956,2000-02-18,2017-03-18,NoClass,210
-55.755269308124,-11.551041665622,2000-02-18,2017-03-18,NoClass,211
-55.753142908196,-11.551041665622,2000-02-18,2017-03-18,NoClass,212
-55.751016508268,-11.551041665622,2000-02-18,2017-03-18,NoClass,213
-55.74889010834,-11.551041665622,2000-02-18,2017-03-18,NoClass,214
-55.746763708413,-11.551041665622,2000-02-18,2017-03-18,NoClass,215
-55.744637308485,-11.551041665622,2000-02-18,2017-03-18,NoClass,216
-55.742510908557,-11.551041665622,2000-02-18,2017-03-18,NoClass,217
-55.740384508629,-11.551041665622,2000-02-18,2017-03-18,NoClass,218
-55.738258108701,-11.551041665622,2000-02-18,2017-03-18,NoClass,219
-55.736131708773,-11.551041665622,2000-02-18,2017-03-18,NoClass,220
-55.734005308846,-11.551041665622,2000-02-18,2017-03-18,NoClass,221
-55.731878908918,-11.551041665622,2000-02-18,2017-03-18,NoClass,222
-55.72975250899,-11.551041665622,2000-02-18,2017-03-18,NoClass,223
-55.727626109062,-11.551041665622,2000-02-18,2017-03-18,NoClass,224
-55.725499709134,-11.551041665622,2000-02-18,2017-03-18,NoClass,225
-55.723373309206,-11.551041665622,2000-02-18,2017-03-18,NoClass,226
-55.721246909278,-11.551041665622,2000-02-18,2017-03-18,NoClass,227
-55.719120509351,-11.551041665622,2000-02-18,2017-03-18,NoClass,228
-55.716994109423,-11.551041665622,2000-02-18,2017-03-18,NoClass,229
-55.714867709495,-11.551041665622,2000-02-18,2017-03-18,NoClass,230
-55.712741309567,-11.551041665622,2000-02-18,2017-03-18,NoClass,231
-55.710614909639,-11.551041665622,2000-02-18,2017-03-18,NoClass,232
-55.708488509711,-11.551041665622,2000-02-18,2017-03-18,NoClass,233
-55.706362109784,-11.551041665622,2000-02-18,2017-03-18,NoClass,234
-55.704235709856,-11.551041665622,2000-02-18,2017-03-18,NoClass,235
-55.702109309928,-11.551041665622,2000-02-18,2017-03-18,NoClass,236
-55.69998291,-11.551041665622,2000-02-18,2017-03-18,NoClass,237
-55.697856510072,-11.551041665622,2000-02-18,2017-03-18,NoClass,238
-55.695730110144,-11.551041665622,2000-02-18,2017-03-18,NoClass,239
-55.693603710217,-11.551041665622,2000-02-18,2017-03-18,NoClass,240
-55.691477310289,-11.551041665622,2000-02-18,2017-03-18,NoClass,241
-55.689350910361,-11.551041665622,2000-02-18,2017-03-18,NoClass,242
-55.687224510433,-11.551041665622,2000-02-18,2017-03-18,NoClass,243
-55.685098110505,-11.551041665622,2000-02-18,2017-03-18,NoClass,244
-55.682971710577,-11.551041665622,2000-02-18,2017-03-18,NoClass,245
-55.680845310649,-11.551041665622,2000-02-18,2017-03-18,NoClass,246
-55.678718910721,-11.551041665622,2000-02-18,2017-03-18,NoClass,247
-55.676592510794,-11.551041665622,2000-02-18,2017-03-18,NoClass,248
-55.674466110866,-11.551041665622,2000-02-18,2017-03-18,NoClass,249
-55.672339710938,-11.551041665622,2000-02-18,2017-03-18,NoClass,250
-55.67021331101,-11.551041665622,2000-02-18,2017-03-18,NoClass,251
-55.668086911082,-11.551041665622,2000-02-18,2017-03-18,NoClass,252
-55.754855004264,-11.548958332289,2000-02-18,2017-03-18,NoClass,253
-55.752728620137,-11.548958332289,2000-02-18,2017-03-18,NoClass,254
-55.750602236009,-11.548958332289,2000-02-18,2017-03-18,NoClass,255
-55.748475851882,-11.548958332289,2000-02-18,2017-03-18,NoClass,256
-55.746349467755,-11.548958332289,2000-02-18,2017-03-18,NoClass,257
-55.744223083628,-11.548958332289,2000-02-18,2017-03-18,NoClass,258
-55.742096699501,-11.548958332289,2000-02-18,2017-03-18,NoClass,259
-55.739970315374,-11.548958332289,2000-02-18,2017-03-18,NoClass,260
-55.737843931247,-11.548958332289,2000-02-18,2017-03-18,NoClass,261
-55.73571754712,-11.548958332289,2000-02-18,2017-03-18,NoClass,262
-55.733591162993,-11.548958332289,2000-02-18,2017-03-18,NoClass,263
-55.731464778866,-11.548958332289,2000-02-18,2017-03-18,NoClass,264
-55.729338394738,-11.548958332289,2000-02-18,2017-03-18,NoClass,265
-55.727212010611,-11.548958332289,2000-02-18,2017-03-18,NoClass,266
-55.725085626484,-11.548958332289,2000-02-18,2017-03-18,NoClass,267
-55.722959242357,-11.548958332289,2000-02-18,2017-03-18,NoClass,268
-55.72083285823,-11.548958332289,2000-02-18,2017-03-18,NoClass,269
-55.718706474103,-11.548958332289,2000-02-18,2017-03-18,NoClass,270
-55.716580089976,-11.548958332289,2000-02-18,2017-03-18,NoClass,271
-55.714453705849,-11.548958332289,2000-02-18,2017-03-18,NoClass,272
-55.712327321722,-11.548958332289,2000-02-18,2017-03-18,NoClass,273
-55.710200937595,-11.548958332289,2000-02-18,2017-03-18,NoClass,274
-55.708074553468,-11.548958332289,2000-02-18,2017-03-18,NoClass,275
-55.705948169341,-11.548958332289,2000-02-18,2017-03-18,NoClass,276
-55.703821785213,-11.548958332289,2000-02-18,2017-03-18,NoClass,277
-55.701695401086,-11.548958332289,2000-02-18,2017-03-18,NoClass,278
-55.699569016959,-11.548958332289,2000-02-18,2017-03-18,NoClass,279
-55.697442632832,-11.548958332289,2000-02-18,2017-03-18,NoClass,280
-55.695316248705,-11.548958332289,2000-02-18,2017-03-18,NoClass,281
-55.693189864578,-11.548958332289,2000-02-18,2017-03-18,NoClass,282
-55.691063480451,-11.548958332289,2000-02-18,2017-03-18,NoClass,283
-55.688937096324,-11.548958332289,2000-02-18,2017-03-18,NoClass,284
-55.686810712197,-11.548958332289,2000-02-18,2017-03-18,NoClass,285
-55.68468432807,-11.548958332289,2000-02-18,2017-03-18,NoClass,286
-55.682557943943,-11.548958332289,2000-02-18,2017-03-18,NoClass,287
-55.680431559816,-11.548958332289,2000-02-18,2017-03-18,NoClass,288
-55.678305175688,-11.548958332289,2000-02-18,2017-03-18,NoClass,289
-55.676178791561,-11.548958332289,2000-02-18,2017-03-18,NoClass,290
-55.674052407434,-11.548958332289,2000-02-18,2017-03-18,NoClass,291
-55.671926023307,-11.548958332289,2000-02-18,2017-03-18,NoClass,292
-55.66979963918,-11.548958332289,2000-02-18,2017-03-18,NoClass,293
-55.667673255053,-11.548958332289,2000-02-18,2017-03-18,NoClass,294
-55.754440780274,-11.546874998956,2000-02-18,2017-03-18,NoClass,295
-55.752314411945,-11.546874998956,2000-02-18,2017-03-18,NoClass,296
-55.750188043615,-11.546874998956,2000-02-18,2017-03-18,NoClass,297
-55.748061675286,-11.546874998956,2000-02-18,2017-03-18,NoClass,298
-55.745935306956,-11.546874998956,2000-02-18,2017-03-18,NoClass,299
-55.743808938627,-11.546874998956,2000-02-18,2017-03-18,NoClass,300
-55.741682570298,-11.546874998956,2000-02-18,2017-03-18,NoClass,301
-55.739556201968,-11.546874998956,2000-02-18,2017-03-18,NoClass,302
-55.737429833639,-11.546874998956,2000-02-18,2017-03-18,NoClass,303
-55.73530346531,-11.546874998956,2000-02-18,2017-03-18,NoClass,304
-55.73317709698,-11.546874998956,2000-02-18,2017-03-18,NoClass,305
-55.731050728651,-11.546874998956,2000-02-18,2017-03-18,NoClass,306
-55.728924360321,-11.546874998956,2000-02-18,2017-03-18,NoClass,307
-55.726797991992,-11.546874998956,2000-02-18,2017-03-18,NoClass,308
-55.724671623663,-11.546874998956,2000-02-18,2017-03-18,NoClass,309
-55.722545255333,-11.546874998956,2000-02-18,2017-03-18,NoClass,310
-55.720418887004,-11.546874998956,2000-02-18,2017-03-18,NoClass,311
-55.718292518675,-11.546874998956,2000-02-18,2017-03-18,NoClass,312
-55.716166150345,-11.546874998956,2000-02-18,2017-03-18,NoClass,313
-55.714039782016,-11.546874998956,2000-02-18,2017-03-18,NoClass,314
-55.711913413687,-11.546874998956,2000-02-18,2017-03-18,NoClass,315
-55.709787045357,-11.546874998956,2000-02-18,2017-03-18,NoClass,316
-55.707660677028,-11.546874998956,2000-02-18,2017-03-18,NoClass,317
-55.705534308698,-11.546874998956,2000-02-18,2017-03-18,NoClass,318
-55.703407940369,-11.546874998956,2000-02-18,2017-03-18,NoClass,319
-55.70128157204,-11.546874998956,2000-02-18,2017-03-18,NoClass,320
-55.69915520371,-11.546874998956,2000-02-18,2017-03-18,NoClass,321
-55.697028835381,-11.546874998956,2000-02-18,2017-03-18,NoClass,322
-55.694902467051,-11.546874998956,2000-02-18,2017-03-18,NoClass,323
-55.692776098722,-11.546874998956,2000-02-18,2017-03-18,NoClass,324
-55.690649730393,-11.546874998956,2000-02-18,2017-03-18,NoClass,325
-55.688523362063,-11.546874998956,2000-02-18,2017-03-18,NoClass,326
-55.686396993734,-11.546874998956,2000-02-18,2017-03-18,NoClass,327
-55.684270625405,-11.546874998956,2000-02-18,2017-03-18,NoClass,328
-55.682144257075,-11.546874998956,2000-02-18,2017-03-18,NoClass,329
-55.680017888746,-11.546874998956,2000-02-18,2017-03-18,NoClass,330
-55.677891520417,-11.546874998956,2000-02-18,2017-03-18,NoClass,331
-55.675765152087,-11.546874998956,2000-02-18,2017-03-18,NoClass,332
-55.673638783758,-11.546874998956,2000-02-18,2017-03-18,NoClass,333
-55.671512415429,-11.546874998956,2000-02-18,2017-03-18,NoClass,334
-55.669386047099,-11.546874998956,2000-02-18,2017-03-18,NoClass,335
-55.66725967877,-11.546874998956,2000-02-18,2017-03-18,NoClass,336
-55.754026636152,-11.544791665623,2000-02-18,2017-03-18,NoClass,337
-55.751900283618,-11.544791665623,2000-02-18,2017-03-18,NoClass,338
-55.749773931083,-11.544791665623,2000-02-18,2017-03-18,NoClass,339
-55.747647578548,-11.544791665623,2000-02-18,2017-03-18,NoClass,340
-55.745521226014,-11.544791665623,2000-02-18,2017-03-18,NoClass,341
-55.743394873479,-11.544791665623,2000-02-18,2017-03-18,NoClass,342
-55.741268520944,-11.544791665623,2000-02-18,2017-03-18,NoClass,343
-55.739142168409,-11.544791665623,2000-02-18,2017-03-18,NoClass,344
-55.737015815875,-11.544791665623,2000-02-18,2017-03-18,NoClass,345
-55.73488946334,-11.544791665623,2000-02-18,2017-03-18,NoClass,346
-55.732763110805,-11.544791665623,2000-02-18,2017-03-18,NoClass,347
-55.730636758271,-11.544791665623,2000-02-18,2017-03-18,NoClass,348
-55.728510405736,-11.544791665623,2000-02-18,2017-03-18,NoClass,349
-55.726384053201,-11.544791665623,2000-02-18,2017-03-18,NoClass,350
-55.724257700666,-11.544791665623,2000-02-18,2017-03-18,NoClass,351
-55.722131348132,-11.544791665623,2000-02-18,2017-03-18,NoClass,352
-55.720004995597,-11.544791665623,2000-02-18,2017-03-18,NoClass,353
-55.717878643062,-11.544791665623,2000-02-18,2017-03-18,NoClass,354
-55.715752290528,-11.544791665623,2000-02-18,2017-03-18,NoClass,355
-55.713625937993,-11.544791665623,2000-02-18,2017-03-18,NoClass,356
-55.711499585458,-11.544791665623,2000-02-18,2017-03-18,NoClass,357
-55.709373232924,-11.544791665623,2000-02-18,2017-03-18,NoClass,358
-55.707246880389,-11.544791665623,2000-02-18,2017-03-18,NoClass,359
-55.705120527854,-11.544791665623,2000-02-18,2017-03-18,NoClass,360
-55.70299417532,-11.544791665623,2000-02-18,2017-03-18,NoClass,361
-55.700867822785,-11.544791665623,2000-02-18,2017-03-18,NoClass,362
-55.69874147025,-11.544791665623,2000-02-18,2017-03-18,NoClass,363
-55.696615117715,-11.544791665623,2000-02-18,2017-03-18,NoClass,364
-55.694488765181,-11.544791665623,2000-02-18,2017-03-18,NoClass,365
-55.692362412646,-11.544791665623,2000-02-18,2017-03-18,NoClass,366
-55.690236060111,-11.544791665623,2000-02-18,2017-03-18,NoClass,367
-55.688109707577,-11.544791665623,2000-02-18,2017-03-18,NoClass,368
-55.685983355042,-11.544791665623,2000-02-18,2017-03-18,NoClass,369
-55.683857002507,-11.544791665623,2000-02-18,2017-03-18,NoClass,370
-55.681730649973,-11.544791665623,2000-02-18,2017-03-18,NoClass,371
-55.679604297438,-11.544791665623,2000-02-18,2017-03-18,NoClass,372
-55.677477944903,-11.544791665623,2000-02-18,2017-03-18,NoClass,373
-55.675351592368,-11.544791665623,2000-02-18,2017-03-18,NoClass,374
-55.673225239834,-11.544791665623,2000-02-18,2017-03-18,NoClass,375
-55.671098887299,-11.544791665623,2000-02-18,2017-03-18,NoClass,376
-55.668972534764,-11.544791665623,2000-02-18,2017-03-18,NoClass,377
-55.666846182229,-11.544791665623,2000-02-18,2017-03-18,NoClass,378
-55.753612571896,-11.54270833229,2000-02-18,2017-03-18,NoClass,379
-55.751486235153,-11.54270833229,2000-02-18,2017-03-18,NoClass,380
-55.74935989841,-11.54270833229,2000-02-18,2017-03-18,NoClass,381
-55.747233561667,-11.54270833229,2000-02-18,2017-03-18,NoClass,382
-55.745107224924,-11.54270833229,2000-02-18,2017-03-18,NoClass,383
-55.74298088818,-11.54270833229,2000-02-18,2017-03-18,NoClass,384
-55.740854551437,-11.54270833229,2000-02-18,2017-03-18,NoClass,385
-55.738728214694,-11.54270833229,2000-02-18,2017-03-18,NoClass,386
-55.736601877951,-11.54270833229,2000-02-18,2017-03-18,NoClass,387
-55.734475541208,-11.54270833229,2000-02-18,2017-03-18,NoClass,388
-55.732349204465,-11.54270833229,2000-02-18,2017-03-18,NoClass,389
-55.730222867722,-11.54270833229,2000-02-18,2017-03-18,NoClass,390
-55.728096530979,-11.54270833229,2000-02-18,2017-03-18,NoClass,391
-55.725970194236,-11.54270833229,2000-02-18,2017-03-18,NoClass,392
-55.723843857493,-11.54270833229,2000-02-18,2017-03-18,NoClass,393
-55.72171752075,-11.54270833229,2000-02-18,2017-03-18,NoClass,394
-55.719591184007,-11.54270833229,2000-02-18,2017-03-18,NoClass,395
-55.717464847263,-11.54270833229,2000-02-18,2017-03-18,NoClass,396
-55.71533851052,-11.54270833229,2000-02-18,2017-03-18,NoClass,397
-55.713212173777,-11.54270833229,2000-02-18,2017-03-18,NoClass,398
-55.711085837034,-11.54270833229,2000-02-18,2017-03-18,NoClass,399
-55.708959500291,-11.54270833229,2000-02-18,2017-03-18,NoClass,400
-55.706833163548,-11.54270833229,2000-02-18,2017-03-18,NoClass,401
-55.704706826805,-11.54270833229,2000-02-18,2017-03-18,NoClass,402
-55.702580490062,-11.54270833229,2000-02-18,2017-03-18,NoClass,403
-55.700454153319,-11.54270833229,2000-02-18,2017-03-18,NoClass,404
-55.698327816576,-11.54270833229,2000-02-18,2017-03-18,NoClass,405
-55.696201479833,-11.54270833229,2000-02-18,2017-03-18,NoClass,406
-55.69407514309,-11.54270833229,2000-02-18,2017-03-18,NoClass,407
-55.691948806347,-11.54270833229,2000-02-18,2017-03-18,NoClass,408
-55.689822469603,-11.54270833229,2000-02-18,2017-03-18,NoClass,409
-55.68769613286,-11.54270833229,2000-02-18,2017-03-18,NoClass,410
-55.685569796117,-11.54270833229,2000-02-18,2017-03-18,NoClass,411
-55.683443459374,-11.54270833229,2000-02-18,2017-03-18,NoClass,412
-55.681317122631,-11.54270833229,2000-02-18,2017-03-18,NoClass,413
-55.679190785888,-11.54270833229,2000-02-18,2017-03-18,NoClass,414
-55.677064449145,-11.54270833229,2000-02-18,2017-03-18,NoClass,415
-55.674938112402,-11.54270833229,2000-02-18,2017-03-18,NoClass,416
-55.672811775659,-11.54270833229,2000-02-18,2017-03-18,NoClass,417
-55.670685438916,-11.54270833229,2000-02-18,2017-03-18,NoClass,418
-55.668559102173,-11.54270833229,2000-02-18,2017-03-18,NoClass,419
-55.66643276543,-11.54270833229,2000-02-18,2017-03-18,NoClass,420
-55.753198587502,-11.540624998957,2000-02-18,2017-03-18,NoClass,421
-55.751072266547,-11.540624998957,2000-02-18,2017-03-18,NoClass,422
-55.748945945593,-11.540624998957,2000-02-18,2017-03-18,NoClass,423
-55.746819624638,-11.540624998957,2000-02-18,2017-03-18,NoClass,424
-55.744693303684,-11.540624998957,2000-02-18,2017-03-18,NoClass,425
-55.742566982729,-11.540624998957,2000-02-18,2017-03-18,NoClass,426
-55.740440661775,-11.540624998957,2000-02-18,2017-03-18,NoClass,427
-55.73831434082,-11.540624998957,2000-02-18,2017-03-18,NoClass,428
-55.736188019866,-11.540624998957,2000-02-18,2017-03-18,NoClass,429
-55.734061698911,-11.540624998957,2000-02-18,2017-03-18,NoClass,430
-55.731935377957,-11.540624998957,2000-02-18,2017-03-18,NoClass,431
-55.729809057002,-11.540624998957,2000-02-18,2017-03-18,NoClass,432
-55.727682736048,-11.540624998957,2000-02-18,2017-03-18,NoClass,433
-55.725556415093,-11.540624998957,2000-02-18,2017-03-18,NoClass,434
-55.723430094139,-11.540624998957,2000-02-18,2017-03-18,NoClass,435
-55.721303773184,-11.540624998957,2000-02-18,2017-03-18,NoClass,436
-55.71917745223,-11.540624998957,2000-02-18,2017-03-18,NoClass,437
-55.717051131275,-11.540624998957,2000-02-18,2017-03-18,NoClass,438
-55.714924810321,-11.540624998957,2000-02-18,2017-03-18,NoClass,439
-55.712798489366,-11.540624998957,2000-02-18,2017-03-18,NoClass,440
-55.710672168412,-11.540624998957,2000-02-18,2017-03-18,NoClass,441
-55.708545847457,-11.540624998957,2000-02-18,2017-03-18,NoClass,442
-55.706419526503,-11.540624998957,2000-02-18,2017-03-18,NoClass,443
-55.704293205548,-11.540624998957,2000-02-18,2017-03-18,NoClass,444
-55.702166884594,-11.540624998957,2000-02-18,2017-03-18,NoClass,445
-55.700040563639,-11.540624998957,2000-02-18,2017-03-18,NoClass,446
-55.697914242685,-11.540624998957,2000-02-18,2017-03-18,NoClass,447
-55.69578792173,-11.540624998957,2000-02-18,2017-03-18,NoClass,448
-55.693661600776,-11.540624998957,2000-02-18,2017-03-18,NoClass,449
-55.691535279821,-11.540624998957,2000-02-18,2017-03-18,NoClass,450
-55.689408958867,-11.540624998957,2000-02-18,2017-03-18,NoClass,451
-55.687282637912,-11.540624998957,2000-02-18,2017-03-18,NoClass,452
-55.685156316958,-11.540624998957,2000-02-18,2017-03-18,NoClass,453
-55.683029996003,-11.540624998957,2000-02-18,2017-03-18,NoClass,454
-55.680903675049,-11.540624998957,2000-02-18,2017-03-18,NoClass,455
-55.678777354094,-11.540624998957,2000-02-18,2017-03-18,NoClass,456
-55.67665103314,-11.540624998957,2000-02-18,2017-03-18,NoClass,457
-55.674524712185,-11.540624998957,2000-02-18,2017-03-18,NoClass,458
-55.672398391231,-11.540624998957,2000-02-18,2017-03-18,NoClass,459
-55.670272070276,-11.540624998957,2000-02-18,2017-03-18,NoClass,460
-55.668145749322,-11.540624998957,2000-02-18,2017-03-18,NoClass,461
-55.666019428367,-11.540624998957,2000-02-18,2017-03-18,NoClass,462
-55.752784682967,-11.538541665624,2000-02-18,2017-03-18,NoClass,463
-55.750658377798,-11.538541665624,2000-02-18,2017-03-18,NoClass,464
-55.748532072629,-11.538541665624,2000-02-18,2017-03-18,NoClass,465
-55.74640576746,-11.538541665624,2000-02-18,2017-03-18,NoClass,466
-55.744279462291,-11.538541665624,2000-02-18,2017-03-18,NoClass,467
-55.742153157122,-11.538541665624,2000-02-18,2017-03-18,NoClass,468
-55.740026851953,-11.538541665624,2000-02-18,2017-03-18,NoClass,469
-55.737900546784,-11.538541665624,2000-02-18,2017-03-18,NoClass,470
-55.735774241615,-11.538541665624,2000-02-18,2017-03-18,NoClass,471
-55.733647936446,-11.538541665624,2000-02-18,2017-03-18,NoClass,472
-55.731521631277,-11.538541665624,2000-02-18,2017-03-18,NoClass,473
-55.729395326108,-11.538541665624,2000-02-18,2017-03-18,NoClass,474
-55.727269020939,-11.538541665624,2000-02-18,2017-03-18,NoClass,475
-55.72514271577,-11.538541665624,2000-02-18,2017-03-18,NoClass,476
-55.723016410601,-11.538541665624,2000-02-18,2017-03-18,NoClass,477
-55.720890105432,-11.538541665624,2000-02-18,2017-03-18,NoClass,478
-55.718763800263,-11.538541665624,2000-02-18,2017-03-18,NoClass,479
-55.716637495094,-11.538541665624,2000-02-18,2017-03-18,NoClass,480
-55.714511189925,-11.538541665624,2000-02-18,2017-03-18,NoClass,481
-55.712384884756,-11.538541665624,2000-02-18,2017-03-18,NoClass,482
-55.710258579587,-11.538541665624,2000-02-18,2017-03-18,NoClass,483
-55.708132274419,-11.538541665624,2000-02-18,2017-03-18,NoClass,484
-55.70600596925,-11.538541665624,2000-02-18,2017-03-18,NoClass,485
-55.703879664081,-11.538541665624,2000-02-18,2017-03-18,NoClass,486
-55.701753358912,-11.538541665624,2000-02-18,2017-03-18,NoClass,487
-55.699627053743,-11.538541665624,2000-02-18,2017-03-18,NoClass,488
-55.697500748574,-11.538541665624,2000-02-18,2017-03-18,NoClass,489
-55.695374443405,-11.538541665624,2000-02-18,2017-03-18,NoClass,490
-55.693248138236,-11.538541665624,2000-02-18,2017-03-18,NoClass,491
-55.691121833067,-11.538541665624,2000-02-18,2017-03-18,NoClass,492
-55.688995527898,-11.538541665624,2000-02-18,2017-03-18,NoClass,493
-55.686869222729,-11.538541665624,2000-02-18,2017-03-18,NoClass,494
-55.68474291756,-11.538541665624,2000-02-18,2017-03-18,NoClass,495
-55.682616612391,-11.538541665624,2000-02-18,2017-03-18,NoClass,496
-55.680490307222,-11.538541665624,2000-02-18,2017-03-18,NoClass,497
-55.678364002053,-11.538541665624,2000-02-18,2017-03-18,NoClass,498
-55.676237696884,-11.538541665624,2000-02-18,2017-03-18,NoClass,499
-55.674111391715,-11.538541665624,2000-02-18,2017-03-18,NoClass,500
-55.671985086546,-11.538541665624,2000-02-18,2017-03-18,NoClass,501
-55.669858781377,-11.538541665624,2000-02-18,2017-03-18,NoClass,502
-55.667732476208,-11.538541665624,2000-02-18,2017-03-18,NoClass,503
-55.665606171039,-11.538541665624,2000-02-18,2017-03-18,NoClass,504
-55.752370858289,-11.53645833229,2000-02-18,2017-03-18,NoClass,505
-55.750244568902,-11.53645833229,2000-02-18,2017-03-18,NoClass,506
-55.748118279516,-11.53645833229,2000-02-18,2017-03-18,NoClass,507
-55.745991990129,-11.53645833229,2000-02-18,2017-03-18,NoClass,508
-55.743865700743,-11.53645833229,2000-02-18,2017-03-18,NoClass,509
-55.741739411356,-11.53645833229,2000-02-18,2017-03-18,NoClass,510
-55.73961312197,-11.53645833229,2000-02-18,2017-03-18,NoClass,511
-55.737486832583,-11.53645833229,2000-02-18,2017-03-18,NoClass,512
-55.735360543197,-11.53645833229,2000-02-18,2017-03-18,NoClass,513
-55.73323425381,-11.53645833229,2000-02-18,2017-03-18,NoClass,514
-55.731107964424,-11.53645833229,2000-02-18,2017-03-18,NoClass,515
-55.728981675037,-11.53645833229,2000-02-18,2017-03-18,NoClass,516
-55.726855385651,-11.53645833229,2000-02-18,2017-03-18,NoClass,517
-55.724729096264,-11.53645833229,2000-02-18,2017-03-18,NoClass,518
-55.722602806878,-11.53645833229,2000-02-18,2017-03-18,NoClass,519
-55.720476517491,-11.53645833229,2000-02-18,2017-03-18,NoClass,520
-55.718350228105,-11.53645833229,2000-02-18,2017-03-18,NoClass,521
-55.716223938718,-11.53645833229,2000-02-18,2017-03-18,NoClass,522
-55.714097649332,-11.53645833229,2000-02-18,2017-03-18,NoClass,523
-55.711971359945,-11.53645833229,2000-02-18,2017-03-18,NoClass,524
-55.709845070559,-11.53645833229,2000-02-18,2017-03-18,NoClass,525
-55.707718781172,-11.53645833229,2000-02-18,2017-03-18,NoClass,526
-55.705592491786,-11.53645833229,2000-02-18,2017-03-18,NoClass,527
-55.703466202399,-11.53645833229,2000-02-18,2017-03-18,NoClass,528
-55.701339913013,-11.53645833229,2000-02-18,2017-03-18,NoClass,529
-55.699213623626,-11.53645833229,2000-02-18,2017-03-18,NoClass,530
-55.69708733424,-11.53645833229,2000-02-18,2017-03-18,NoClass,531
-55.694961044853,-11.53645833229,2000-02-18,2017-03-18,NoClass,532
-55.692834755467,-11.53645833229,2000-02-18,2017-03-18,NoClass,533
-55.690708466081,-11.53645833229,2000-02-18,2017-03-18,NoClass,534
-55.688582176694,-11.53645833229,2000-02-18,2017-03-18,NoClass,535
-55.686455887308,-11.53645833229,2000-02-18,2017-03-18,NoClass,536
-55.684329597921,-11.53645833229,2000-02-18,2017-03-18,NoClass,537
-55.682203308535,-11.53645833229,2000-02-18,2017-03-18,NoClass,538
-55.680077019148,-11.53645833229,2000-02-18,2017-03-18,NoClass,539
-55.677950729762,-11.53645833229,2000-02-18,2017-03-18,NoClass,540
-55.675824440375,-11.53645833229,2000-02-18,2017-03-18,NoClass,541
-55.673698150989,-11.53645833229,2000-02-18,2017-03-18,NoClass,542
-55.671571861602,-11.53645833229,2000-02-18,2017-03-18,NoClass,543
-55.669445572216,-11.53645833229,2000-02-18,2017-03-18,NoClass,544
-55.667319282829,-11.53645833229,2000-02-18,2017-03-18,NoClass,545
-55.665192993443,-11.53645833229,2000-02-18,2017-03-18,NoClass,546
-55.751957113464,-11.534374998957,2000-02-18,2017-03-18,NoClass,547
-55.749830839857,-11.534374998957,2000-02-18,2017-03-18,NoClass,548
-55.74770456625,-11.534374998957,2000-02-18,2017-03-18,NoClass,549
-55.745578292643,-11.534374998957,2000-02-18,2017-03-18,NoClass,550
-55.743452019036,-11.534374998957,2000-02-18,2017-03-18,NoClass,551
-55.741325745429,-11.534374998957,2000-02-18,2017-03-18,NoClass,552
-55.739199471822,-11.534374998957,2000-02-18,2017-03-18,NoClass,553
-55.737073198215,-11.534374998957,2000-02-18,2017-03-18,NoClass,554
-55.734946924607,-11.534374998957,2000-02-18,2017-03-18,NoClass,555
-55.732820651001,-11.534374998957,2000-02-18,2017-03-18,NoClass,556
-55.730694377393,-11.534374998957,2000-02-18,2017-03-18,NoClass,557
-55.728568103786,-11.534374998957,2000-02-18,2017-03-18,NoClass,558
-55.726441830179,-11.534374998957,2000-02-18,2017-03-18,NoClass,559
-55.724315556572,-11.534374998957,2000-02-18,2017-03-18,NoClass,560
-55.722189282965,-11.534374998957,2000-02-18,2017-03-18,NoClass,561
-55.720063009358,-11.534374998957,2000-02-18,2017-03-18,NoClass,562
-55.717936735751,-11.534374998957,2000-02-18,2017-03-18,NoClass,563
-55.715810462144,-11.534374998957,2000-02-18,2017-03-18,NoClass,564
-55.713684188537,-11.534374998957,2000-02-18,2017-03-18,NoClass,565
-55.71155791493,-11.534374998957,2000-02-18,2017-03-18,NoClass,566
-55.709431641323,-11.534374998957,2000-02-18,2017-03-18,NoClass,567
-55.707305367716,-11.534374998957,2000-02-18,2017-03-18,NoClass,568
-55.705179094109,-11.534374998957,2000-02-18,2017-03-18,NoClass,569
-55.703052820502,-11.534374998957,2000-02-18,2017-03-18,NoClass,570
-55.700926546895,-11.534374998957,2000-02-18,2017-03-18,NoClass,571
-55.698800273288,-11.534374998957,2000-02-18,2017-03-18,NoClass,572
-55.696673999681,-11.534374998957,2000-02-18,2017-03-18,NoClass,573
-55.694547726074,-11.534374998957,2000-02-18,2017-03-18,NoClass,574
-55.692421452467,-11.534374998957,2000-02-18,2017-03-18,NoClass,575
-55.69029517886,-11.534374998957,2000-02-18,2017-03-18,NoClass,576
-55.688168905253,-11.534374998957,2000-02-18,2017-03-18,NoClass,577
-55.686042631645,-11.534374998957,2000-02-18,2017-03-18,NoClass,578
-55.683916358039,-11.534374998957,2000-02-18,2017-03-18,NoClass,579
-55.681790084431,-11.534374998957,2000-02-18,2017-03-18,NoClass,580
-55.679663810824,-11.534374998957,2000-02-18,2017-03-18,NoClass,581
-55.677537537217,-11.534374998957,2000-02-18,2017-03-18,NoClass,582
-55.67541126361,-11.534374998957,2000-02-18,2017-03-18,NoClass,583
-55.673284990003,-11.534374998957,2000-02-18,2017-03-18,NoClass,584
-55.671158716396,-11.534374998957,2000-02-18,2017-03-18,NoClass,585
-55.669032442789,-11.534374998957,2000-02-18,2017-03-18,NoClass,586
-55.666906169182,-11.534374998957,2000-02-18,2017-03-18,NoClass,587
-55.664779895575,-11.534374998957,2000-02-18,2017-03-18,NoClass,588
-55.75154344849,-11.532291665624,2000-02-18,2017-03-18,NoClass,589
-55.749417190659,-11.532291665624,2000-02-18,2017-03-18,NoClass,590
-55.747290932829,-11.532291665624,2000-02-18,2017-03-18,NoClass,591
-55.745164674998,-11.532291665624,2000-02-18,2017-03-18,NoClass,592
-55.743038417167,-11.532291665624,2000-02-18,2017-03-18,NoClass,593
-55.740912159337,-11.532291665624,2000-02-18,2017-03-18,NoClass,594
-55.738785901506,-11.532291665624,2000-02-18,2017-03-18,NoClass,595
-55.736659643675,-11.532291665624,2000-02-18,2017-03-18,NoClass,596
-55.734533385845,-11.532291665624,2000-02-18,2017-03-18,NoClass,597
-55.732407128014,-11.532291665624,2000-02-18,2017-03-18,NoClass,598
-55.730280870183,-11.532291665624,2000-02-18,2017-03-18,NoClass,599
-55.728154612353,-11.532291665624,2000-02-18,2017-03-18,NoClass,600
-55.726028354522,-11.532291665624,2000-02-18,2017-03-18,NoClass,601
-55.723902096692,-11.532291665624,2000-02-18,2017-03-18,NoClass,602
-55.721775838861,-11.532291665624,2000-02-18,2017-03-18,NoClass,603
-55.71964958103,-11.532291665624,2000-02-18,2017-03-18,NoClass,604
-55.7175233232,-11.532291665624,2000-02-18,2017-03-18,NoClass,605
-55.715397065369,-11.532291665624,2000-02-18,2017-03-18,NoClass,606
-55.713270807538,-11.532291665624,2000-02-18,2017-03-18,NoClass,607
-55.711144549708,-11.532291665624,2000-02-18,2017-03-18,NoClass,608
-55.709018291877,-11.532291665624,2000-02-18,2017-03-18,NoClass,609
-55.706892034046,-11.532291665624,2000-02-18,2017-03-18,NoClass,610
-55.704765776216,-11.532291665624,2000-02-18,2017-03-18,NoClass,611
-55.702639518385,-11.532291665624,2000-02-18,2017-03-18,NoClass,612
-55.700513260554,-11.532291665624,2000-02-18,2017-03-18,NoClass,613
-55.698387002724,-11.532291665624,2000-02-18,2017-03-18,NoClass,614
-55.696260744893,-11.532291665624,2000-02-18,2017-03-18,NoClass,615
-55.694134487062,-11.532291665624,2000-02-18,2017-03-18,NoClass,616
-55.692008229232,-11.532291665624,2000-02-18,2017-03-18,NoClass,617
-55.689881971401,-11.532291665624,2000-02-18,2017-03-18,NoClass,618
-55.687755713571,-11.532291665624,2000-02-18,2017-03-18,NoClass,619
-55.68562945574,-11.532291665624,2000-02-18,2017-03-18,NoClass,620
-55.683503197909,-11.532291665624,2000-02-18,2017-03-18,NoClass,621
-55.681376940079,-11.532291665624,2000-02-18,2017-03-18,NoClass,622
-55.679250682248,-11.532291665624,2000-02-18,2017-03-18,NoClass,623
-55.677124424417,-11.532291665624,2000-02-18,2017-03-18,NoClass,624
-55.674998166587,-11.532291665624,2000-02-18,2017-03-18,NoClass,625
-55.672871908756,-11.532291665624,2000-02-18,2017-03-18,NoClass,626
-55.670745650925,-11.532291665624,2000-02-18,2017-03-18,NoClass,627
-55.668619393095,-11.532291665624,2000-02-18,2017-03-18,NoClass,628
-55.666493135264,-11.532291665624,2000-02-18,2017-03-18,NoClass,629
-55.664366877433,-11.532291665624,2000-02-18,2017-03-18,NoClass,630
-55.751129863364,-11.530208332291,2000-02-18,2017-03-18,NoClass,631
-55.749003621307,-11.530208332291,2000-02-18,2017-03-18,NoClass,632
-55.746877379249,-11.530208332291,2000-02-18,2017-03-18,NoClass,633
-55.744751137192,-11.530208332291,2000-02-18,2017-03-18,NoClass,634
-55.742624895135,-11.530208332291,2000-02-18,2017-03-18,NoClass,635
-55.740498653078,-11.530208332291,2000-02-18,2017-03-18,NoClass,636
-55.73837241102,-11.530208332291,2000-02-18,2017-03-18,NoClass,637
-55.736246168963,-11.530208332291,2000-02-18,2017-03-18,NoClass,638
-55.734119926906,-11.530208332291,2000-02-18,2017-03-18,NoClass,639
-55.731993684848,-11.530208332291,2000-02-18,2017-03-18,NoClass,640
-55.729867442791,-11.530208332291,2000-02-18,2017-03-18,NoClass,641
-55.727741200734,-11.530208332291,2000-02-18,2017-03-18,NoClass,642
-55.725614958676,-11.530208332291,2000-02-18,2017-03-18,NoClass,643
-55.723488716619,-11.530208332291,2000-02-18,2017-03-18,NoClass,644
-55.721362474562,-11.530208332291,2000-02-18,2017-03-18,NoClass,645
-55.719236232504,-11.530208332291,2000-02-18,2017-03-18,NoClass,646
-55.717109990447,-11.530208332291,2000-02-18,2017-03-18,NoClass,647
-55.71498374839,-11.530208332291,2000-02-18,2017-03-18,NoClass,648
-55.712857506333,-11.530208332291,2000-02-18,2017-03-18,NoClass,649
-55.710731264275,-11.530208332291,2000-02-18,2017-03-18,NoClass,650
-55.708605022218,-11.530208332291,2000-02-18,2017-03-18,NoClass,651
-55.706478780161,-11.530208332291,2000-02-18,2017-03-18,NoClass,652
-55.704352538103,-11.530208332291,2000-02-18,2017-03-18,NoClass,653
-55.702226296046,-11.530208332291,2000-02-18,2017-03-18,NoClass,654
-55.700100053989,-11.530208332291,2000-02-18,2017-03-18,NoClass,655
-55.697973811931,-11.530208332291,2000-02-18,2017-03-18,NoClass,656
-55.695847569874,-11.530208332291,2000-02-18,2017-03-18,NoClass,657
-55.693721327817,-11.530208332291,2000-02-18,2017-03-18,NoClass,658
-55.69159508576,-11.530208332291,2000-02-18,2017-03-18,NoClass,659
-55.689468843702,-11.530208332291,2000-02-18,2017-03-18,NoClass,660
-55.687342601645,-11.530208332291,2000-02-18,2017-03-18,NoClass,661
-55.685216359588,-11.530208332291,2000-02-18,2017-03-18,NoClass,662
-55.68309011753,-11.530208332291,2000-02-18,2017-03-18,NoClass,663
-55.680963875473,-11.530208332291,2000-02-18,2017-03-18,NoClass,664
-55.678837633416,-11.530208332291,2000-02-18,2017-03-18,NoClass,665
-55.676711391359,-11.530208332291,2000-02-18,2017-03-18,NoClass,666
-55.674585149301,-11.530208332291,2000-02-18,2017-03-18,NoClass,667
-55.672458907244,-11.530208332291,2000-02-18,2017-03-18,NoClass,668
-55.670332665187,-11.530208332291,2000-02-18,2017-03-18,NoClass,669
-55.668206423129,-11.530208332291,2000-02-18,2017-03-18,NoClass,670
-55.666080181072,-11.530208332291,2000-02-18,2017-03-18,NoClass,671
-55.663953939015,-11.530208332291,2000-02-18,2017-03-18,NoClass,672
-55.750716358083,-11.528124998958,2000-02-18,2017-03-18,NoClass,673
-55.748590131796,-11.528124998958,2000-02-18,2017-03-18,NoClass,674
-55.746463905509,-11.528124998958,2000-02-18,2017-03-18,NoClass,675
-55.744337679222,-11.528124998958,2000-02-18,2017-03-18,NoClass,676
-55.742211452935,-11.528124998958,2000-02-18,2017-03-18,NoClass,677
-55.740085226648,-11.528124998958,2000-02-18,2017-03-18,NoClass,678
-55.737959000361,-11.528124998958,2000-02-18,2017-03-18,NoClass,679
-55.735832774074,-11.528124998958,2000-02-18,2017-03-18,NoClass,680
-55.733706547787,-11.528124998958,2000-02-18,2017-03-18,NoClass,681
-55.7315803215,-11.528124998958,2000-02-18,2017-03-18,NoClass,682
-55.729454095213,-11.528124998958,2000-02-18,2017-03-18,NoClass,683
-55.727327868926,-11.528124998958,2000-02-18,2017-03-18,NoClass,684
-55.725201642639,-11.528124998958,2000-02-18,2017-03-18,NoClass,685
-55.723075416352,-11.528124998958,2000-02-18,2017-03-18,NoClass,686
-55.720949190065,-11.528124998958,2000-02-18,2017-03-18,NoClass,687
-55.718822963778,-11.528124998958,2000-02-18,2017-03-18,NoClass,688
-55.716696737491,-11.528124998958,2000-02-18,2017-03-18,NoClass,689
-55.714570511204,-11.528124998958,2000-02-18,2017-03-18,NoClass,690
-55.712444284917,-11.528124998958,2000-02-18,2017-03-18,NoClass,691
-55.71031805863,-11.528124998958,2000-02-18,2017-03-18,NoClass,692
-55.708191832343,-11.528124998958,2000-02-18,2017-03-18,NoClass,693
-55.706065606056,-11.528124998958,2000-02-18,2017-03-18,NoClass,694
-55.703939379769,-11.528124998958,2000-02-18,2017-03-18,NoClass,695
-55.701813153482,-11.528124998958,2000-02-18,2017-03-18,NoClass,696
-55.699686927195,-11.528124998958,2000-02-18,2017-03-18,NoClass,697
-55.697560700908,-11.528124998958,2000-02-18,2017-03-18,NoClass,698
-55.695434474621,-11.528124998958,2000-02-18,2017-03-18,NoClass,699
-55.693308248334,-11.528124998958,2000-02-18,2017-03-18,NoClass,700
-55.691182022047,-11.528124998958,2000-02-18,2017-03-18,NoClass,701
-55.68905579576,-11.528124998958,2000-02-18,2017-03-18,NoClass,702
-55.686929569473,-11.528124998958,2000-02-18,2017-03-18,NoClass,703
-55.684803343186,-11.528124998958,2000-02-18,2017-03-18,NoClass,704
-55.682677116899,-11.528124998958,2000-02-18,2017-03-18,NoClass,705
-55.680550890612,-11.528124998958,2000-02-18,2017-03-18,NoClass,706
-55.678424664325,-11.528124998958,2000-02-18,2017-03-18,NoClass,707
-55.676298438038,-11.528124998958,2000-02-18,2017-03-18,NoClass,708
-55.674172211751,-11.528124998958,2000-02-18,2017-03-18,NoClass,709
-55.672045985464,-11.528124998958,2000-02-18,2017-03-18,NoClass,710
-55.669919759177,-11.528124998958,2000-02-18,2017-03-18,NoClass,711
-55.66779353289,-11.528124998958,2000-02-18,2017-03-18,NoClass,712
-55.665667306603,-11.528124998958,2000-02-18,2017-03-18,NoClass,713
-55.663541080316,-11.528124998958,2000-02-18,2017-03-18,NoClass,714
-55.750302932644,-11.526041665625,2000-02-18,2017-03-18,NoClass,715
-55.748176722124,-11.526041665625,2000-02-18,2017-03-18,NoClass,716
-55.746050511605,-11.526041665625,2000-02-18,2017-03-18,NoClass,717
-55.743924301085,-11.526041665625,2000-02-18,2017-03-18,NoClass,718
-55.741798090565,-11.526041665625,2000-02-18,2017-03-18,NoClass,719
-55.739671880045,-11.526041665625,2000-02-18,2017-03-18,NoClass,720
-55.737545669526,-11.526041665625,2000-02-18,2017-03-18,NoClass,721
-55.735419459006,-11.526041665625,2000-02-18,2017-03-18,NoClass,722
-55.733293248486,-11.526041665625,2000-02-18,2017-03-18,NoClass,723
-55.731167037967,-11.526041665625,2000-02-18,2017-03-18,NoClass,724
-55.729040827447,-11.526041665625,2000-02-18,2017-03-18,NoClass,725
-55.726914616927,-11.526041665625,2000-02-18,2017-03-18,NoClass,726
-55.724788406407,-11.526041665625,2000-02-18,2017-03-18,NoClass,727
-55.722662195888,-11.526041665625,2000-02-18,2017-03-18,NoClass,728
-55.720535985368,-11.526041665625,2000-02-18,2017-03-18,NoClass,729
-55.718409774848,-11.526041665625,2000-02-18,2017-03-18,NoClass,730
-55.716283564328,-11.526041665625,2000-02-18,2017-03-18,NoClass,731
-55.714157353809,-11.526041665625,2000-02-18,2017-03-18,NoClass,732
-55.712031143289,-11.526041665625,2000-02-18,2017-03-18,NoClass,733
-55.709904932769,-11.526041665625,2000-02-18,2017-03-18,NoClass,734
-55.70777872225,-11.526041665625,2000-02-18,2017-03-18,NoClass,735
-55.70565251173,-11.526041665625,2000-02-18,2017-03-18,NoClass,736
-55.70352630121,-11.526041665625,2000-02-18,2017-03-18,NoClass,737
-55.70140009069,-11.526041665625,2000-02-18,2017-03-18,NoClass,738
-55.699273880171,-11.526041665625,2000-02-18,2017-03-18,NoClass,739
-55.697147669651,-11.526041665625,2000-02-18,2017-03-18,NoClass,740
-55.695021459131,-11.526041665625,2000-02-18,2017-03-18,NoClass,741
-55.692895248611,-11.526041665625,2000-02-18,2017-03-18,NoClass,742
-55.690769038092,-11.526041665625,2000-02-18,2017-03-18,NoClass,743
-55.688642827572,-11.526041665625,2000-02-18,2017-03-18,NoClass,744
-55.686516617052,-11.526041665625,2000-02-18,2017-03-18,NoClass,745
-55.684390406533,-11.526041665625,2000-02-18,2017-03-18,NoClass,746
-55.682264196013,-11.526041665625,2000-02-18,2017-03-18,NoClass,747
-55.680137985493,-11.526041665625,2000-02-18,2017-03-18,NoClass,748
-55.678011774973,-11.526041665625,2000-02-18,2017-03-18,NoClass,749
-55.675885564454,-11.526041665625,2000-02-18,2017-03-18,NoClass,750
-55.673759353934,-11.526041665625,2000-02-18,2017-03-18,NoClass,751
-55.671633143414,-11.526041665625,2000-02-18,2017-03-18,NoClass,752
-55.669506932894,-11.526041665625,2000-02-18,2017-03-18,NoClass,753
-55.667380722375,-11.526041665625,2000-02-18,2017-03-18,NoClass,754
-55.665254511855,-11.526041665625,2000-02-18,2017-03-18,NoClass,755
-55.663128301335,-11.526041665625,2000-02-18,2017-03-18,NoClass,756
-55.749889587045,-11.523958332291,2000-02-18,2017-03-18,NoClass,757
-55.747763392289,-11.523958332291,2000-02-18,2017-03-18,NoClass,758
-55.745637197534,-11.523958332291,2000-02-18,2017-03-18,NoClass,759
-55.743511002778,-11.523958332291,2000-02-18,2017-03-18,NoClass,760
-55.741384808023,-11.523958332291,2000-02-18,2017-03-18,NoClass,761
-55.739258613267,-11.523958332291,2000-02-18,2017-03-18,NoClass,762
-55.737132418512,-11.523958332291,2000-02-18,2017-03-18,NoClass,763
-55.735006223756,-11.523958332291,2000-02-18,2017-03-18,NoClass,764
-55.732880029,-11.523958332291,2000-02-18,2017-03-18,NoClass,765
-55.730753834245,-11.523958332291,2000-02-18,2017-03-18,NoClass,766
-55.72862763949,-11.523958332291,2000-02-18,2017-03-18,NoClass,767
-55.726501444734,-11.523958332291,2000-02-18,2017-03-18,NoClass,768
-55.724375249979,-11.523958332291,2000-02-18,2017-03-18,NoClass,769
-55.722249055223,-11.523958332291,2000-02-18,2017-03-18,NoClass,770
-55.720122860467,-11.523958332291,2000-02-18,2017-03-18,NoClass,771
-55.717996665712,-11.523958332291,2000-02-18,2017-03-18,NoClass,772
-55.715870470956,-11.523958332291,2000-02-18,2017-03-18,NoClass,773
-55.713744276201,-11.523958332291,2000-02-18,2017-03-18,NoClass,774
-55.711618081445,-11.523958332291,2000-02-18,2017-03-18,NoClass,775
-55.70949188669,-11.523958332291,2000-02-18,2017-03-18,NoClass,776
-55.707365691934,-11.523958332291,2000-02-18,2017-03-18,NoClass,777
-55.705239497179,-11.523958332291,2000-02-18,2017-03-18,NoClass,778
-55.703113302423,-11.523958332291,2000-02-18,2017-03-18,NoClass,779
-55.700987107668,-11.523958332291,2000-02-18,2017-03-18,NoClass,780
-55.698860912912,-11.523958332291,2000-02-18,2017-03-18,NoClass,781
-55.696734718157,-11.523958332291,2000-02-18,2017-03-18,NoClass,782
-55.694608523401,-11.523958332291,2000-02-18,2017-03-18,NoClass,783
-55.692482328646,-11.523958332291,2000-02-18,2017-03-18,NoClass,784
-55.69035613389,-11.523958332291,2000-02-18,2017-03-18,NoClass,785
-55.688229939135,-11.523958332291,2000-02-18,2017-03-18,NoClass,786
-55.686103744379,-11.523958332291,2000-02-18,2017-03-18,NoClass,787
-55.683977549624,-11.523958332291,2000-02-18,2017-03-18,NoClass,788
-55.681851354868,-11.523958332291,2000-02-18,2017-03-18,NoClass,789
-55.679725160113,-11.523958332291,2000-02-18,2017-03-18,NoClass,790
-55.677598965357,-11.523958332291,2000-02-18,2017-03-18,NoClass,791
-55.675472770602,-11.523958332291,2000-02-18,2017-03-18,NoClass,792
-55.673346575846,-11.523958332291,2000-02-18,2017-03-18,NoClass,793
-55.67122038109,-11.523958332291,2000-02-18,2017-03-18,NoClass,794
-55.669094186335,-11.523958332291,2000-02-18,2017-03-18,NoClass,795
-55.666967991579,-11.523958332291,2000-02-18,2017-03-18,NoClass,796
-55.664841796824,-11.523958332291,2000-02-18,2017-03-18,NoClass,797
-55.662715602069,-11.523958332291,2000-02-18,2017-03-18,NoClass,798
-55.749476321282,-11.521874998958,2000-02-18,2017-03-18,NoClass,799
-55.747350142287,-11.521874998958,2000-02-18,2017-03-18,NoClass,800
-55.745223963293,-11.521874998958,2000-02-18,2017-03-18,NoClass,801
-55.743097784298,-11.521874998958,2000-02-18,2017-03-18,NoClass,802
-55.740971605304,-11.521874998958,2000-02-18,2017-03-18,NoClass,803
-55.73884542631,-11.521874998958,2000-02-18,2017-03-18,NoClass,804
-55.736719247315,-11.521874998958,2000-02-18,2017-03-18,NoClass,805
-55.734593068321,-11.521874998958,2000-02-18,2017-03-18,NoClass,806
-55.732466889327,-11.521874998958,2000-02-18,2017-03-18,NoClass,807
-55.730340710332,-11.521874998958,2000-02-18,2017-03-18,NoClass,808
-55.728214531338,-11.521874998958,2000-02-18,2017-03-18,NoClass,809
-55.726088352344,-11.521874998958,2000-02-18,2017-03-18,NoClass,810
-55.723962173349,-11.521874998958,2000-02-18,2017-03-18,NoClass,811
-55.721835994355,-11.521874998958,2000-02-18,2017-03-18,NoClass,812
-55.719709815361,-11.521874998958,2000-02-18,2017-03-18,NoClass,813
-55.717583636366,-11.521874998958,2000-02-18,2017-03-18,NoClass,814
-55.715457457372,-11.521874998958,2000-02-18,2017-03-18,NoClass,815
-55.713331278378,-11.521874998958,2000-02-18,2017-03-18,NoClass,816
-55.711205099383,-11.521874998958,2000-02-18,2017-03-18,NoClass,817
-55.709078920389,-11.521874998958,2000-02-18,2017-03-18,NoClass,818
-55.706952741395,-11.521874998958,2000-02-18,2017-03-18,NoClass,819
-55.7048265624,-11.521874998958,2000-02-18,2017-03-18,NoClass,820
-55.702700383406,-11.521874998958,2000-02-18,2017-03-18,NoClass,821
-55.700574204412,-11.521874998958,2000-02-18,2017-03-18,NoClass,822
-55.698448025417,-11.521874998958,2000-02-18,2017-03-18,NoClass,823
-55.696321846423,-11.521874998958,2000-02-18,2017-03-18,NoClass,824
-55.694195667429,-11.521874998958,2000-02-18,2017-03-18,NoClass,825
-55.692069488434,-11.521874998958,2000-02-18,2017-03-18,NoClass,826
-55.68994330944,-11.521874998958,2000-02-18,2017-03-18,NoClass,827
-55.687817130446,-11.521874998958,2000-02-18,2017-03-18,NoClass,828
-55.685690951451,-11.521874998958,2000-02-18,2017-03-18,NoClass,829
-55.683564772457,-11.521874998958,2000-02-18,2017-03-18,NoClass,830
-55.681438593463,-11.521874998958,2000-02-18,2017-03-18,NoClass,831
-55.679312414468,-11.521874998958,2000-02-18,2017-03-18,NoClass,832
-55.677186235474,-11.521874998958,2000-02-18,2017-03-18,NoClass,833
-55.675060056479,-11.521874998958,2000-02-18,2017-03-18,NoClass,834
-55.672933877485,-11.521874998958,2000-02-18,2017-03-18,NoClass,835
-55.670807698491,-11.521874998958,2000-02-18,2017-03-18,NoClass,836
-55.668681519496,-11.521874998958,2000-02-18,2017-03-18,NoClass,837
-55.666555340502,-11.521874998958,2000-02-18,2017-03-18,NoClass,838
-55.664429161508,-11.521874998958,2000-02-18,2017-03-18,NoClass,839
-55.662302982513,-11.521874998958,2000-02-18,2017-03-18,NoClass,840
-55.749063135352,-11.519791665625,2000-02-18,2017-03-18,NoClass,841
-55.746936972116,-11.519791665625,2000-02-18,2017-03-18,NoClass,842
-55.74481080888,-11.519791665625,2000-02-18,2017-03-18,NoClass,843
-55.742684645643,-11.519791665625,2000-02-18,2017-03-18,NoClass,844
-55.740558482407,-11.519791665625,2000-02-18,2017-03-18,NoClass,845
-55.738432319171,-11.519791665625,2000-02-18,2017-03-18,NoClass,846
-55.736306155935,-11.519791665625,2000-02-18,2017-03-18,NoClass,847
-55.734179992699,-11.519791665625,2000-02-18,2017-03-18,NoClass,848
-55.732053829462,-11.519791665625,2000-02-18,2017-03-18,NoClass,849
-55.729927666226,-11.519791665625,2000-02-18,2017-03-18,NoClass,850
-55.72780150299,-11.519791665625,2000-02-18,2017-03-18,NoClass,851
-55.725675339754,-11.519791665625,2000-02-18,2017-03-18,NoClass,852
-55.723549176517,-11.519791665625,2000-02-18,2017-03-18,NoClass,853
-55.721423013281,-11.519791665625,2000-02-18,2017-03-18,NoClass,854
-55.719296850045,-11.519791665625,2000-02-18,2017-03-18,NoClass,855
-55.717170686809,-11.519791665625,2000-02-18,2017-03-18,NoClass,856
-55.715044523573,-11.519791665625,2000-02-18,2017-03-18,NoClass,857
-55.712918360336,-11.519791665625,2000-02-18,2017-03-18,NoClass,858
-55.7107921971,-11.519791665625,2000-02-18,2017-03-18,NoClass,859
-55.708666033864,-11.519791665625,2000-02-18,2017-03-18,NoClass,860
-55.706539870628,-11.519791665625,2000-02-18,2017-03-18,NoClass,861
-55.704413707391,-11.519791665625,2000-02-18,2017-03-18,NoClass,862
-55.702287544155,-11.519791665625,2000-02-18,2017-03-18,NoClass,863
-55.700161380919,-11.519791665625,2000-02-18,2017-03-18,NoClass,864
-55.698035217683,-11.519791665625,2000-02-18,2017-03-18,NoClass,865
-55.695909054447,-11.519791665625,2000-02-18,2017-03-18,NoClass,866
-55.69378289121,-11.519791665625,2000-02-18,2017-03-18,NoClass,867
-55.691656727974,-11.519791665625,2000-02-18,2017-03-18,NoClass,868
-55.689530564738,-11.519791665625,2000-02-18,2017-03-18,NoClass,869
-55.687404401502,-11.519791665625,2000-02-18,2017-03-18,NoClass,870
-55.685278238265,-11.519791665625,2000-02-18,2017-03-18,NoClass,871
-55.683152075029,-11.519791665625,2000-02-18,2017-03-18,NoClass,872
-55.681025911793,-11.519791665625,2000-02-18,2017-03-18,NoClass,873
-55.678899748557,-11.519791665625,2000-02-18,2017-03-18,NoClass,874
-55.67677358532,-11.519791665625,2000-02-18,2017-03-18,NoClass,875
-55.674647422084,-11.519791665625,2000-02-18,2017-03-18,NoClass,876
-55.672521258848,-11.519791665625,2000-02-18,2017-03-18,NoClass,877
-55.670395095612,-11.519791665625,2000-02-18,2017-03-18,NoClass,878
-55.668268932376,-11.519791665625,2000-02-18,2017-03-18,NoClass,879
-55.666142769139,-11.519791665625,2000-02-18,2017-03-18,NoClass,880
-55.664016605903,-11.519791665625,2000-02-18,2017-03-18,NoClass,881
-55.661890442667,-11.519791665625,2000-02-18,2017-03-18,NoClass,882
-55.748650029253,-11.517708332292,2000-02-18,2017-03-18,NoClass,883
-55.746523881772,-11.517708332292,2000-02-18,2017-03-18,NoClass,884
-55.744397734291,-11.517708332292,2000-02-18,2017-03-18,NoClass,885
-55.74227158681,-11.517708332292,2000-02-18,2017-03-18,NoClass,886
-55.740145439329,-11.517708332292,2000-02-18,2017-03-18,NoClass,887
-55.738019291848,-11.517708332292,2000-02-18,2017-03-18,NoClass,888
-55.735893144366,-11.517708332292,2000-02-18,2017-03-18,NoClass,889
-55.733766996885,-11.517708332292,2000-02-18,2017-03-18,NoClass,890
-55.731640849404,-11.517708332292,2000-02-18,2017-03-18,NoClass,891
-55.729514701923,-11.517708332292,2000-02-18,2017-03-18,NoClass,892
-55.727388554442,-11.517708332292,2000-02-18,2017-03-18,NoClass,893
-55.725262406961,-11.517708332292,2000-02-18,2017-03-18,NoClass,894
-55.72313625948,-11.517708332292,2000-02-18,2017-03-18,NoClass,895
-55.721010111998,-11.517708332292,2000-02-18,2017-03-18,NoClass,896
-55.718883964517,-11.517708332292,2000-02-18,2017-03-18,NoClass,897
-55.716757817036,-11.517708332292,2000-02-18,2017-03-18,NoClass,898
-55.714631669555,-11.517708332292,2000-02-18,2017-03-18,NoClass,899
-55.712505522074,-11.517708332292,2000-02-18,2017-03-18,NoClass,900
-55.710379374593,-11.517708332292,2000-02-18,2017-03-18,NoClass,901
-55.708253227111,-11.517708332292,2000-02-18,2017-03-18,NoClass,902
-55.70612707963,-11.517708332292,2000-02-18,2017-03-18,NoClass,903
-55.704000932149,-11.517708332292,2000-02-18,2017-03-18,NoClass,904
-55.701874784668,-11.517708332292,2000-02-18,2017-03-18,NoClass,905
-55.699748637187,-11.517708332292,2000-02-18,2017-03-18,NoClass,906
-55.697622489706,-11.517708332292,2000-02-18,2017-03-18,NoClass,907
-55.695496342225,-11.517708332292,2000-02-18,2017-03-18,NoClass,908
-55.693370194744,-11.517708332292,2000-02-18,2017-03-18,NoClass,909
-55.691244047262,-11.517708332292,2000-02-18,2017-03-18,NoClass,910
-55.689117899781,-11.517708332292,2000-02-18,2017-03-18,NoClass,911
-55.6869917523,-11.517708332292,2000-02-18,2017-03-18,NoClass,912
-55.684865604819,-11.517708332292,2000-02-18,2017-03-18,NoClass,913
-55.682739457338,-11.517708332292,2000-02-18,2017-03-18,NoClass,914
-55.680613309857,-11.517708332292,2000-02-18,2017-03-18,NoClass,915
-55.678487162375,-11.517708332292,2000-02-18,2017-03-18,NoClass,916
-55.676361014894,-11.517708332292,2000-02-18,2017-03-18,NoClass,917
-55.674234867413,-11.517708332292,2000-02-18,2017-03-18,NoClass,918
-55.672108719932,-11.517708332292,2000-02-18,2017-03-18,NoClass,919
-55.669982572451,-11.517708332292,2000-02-18,2017-03-18,NoClass,920
-55.66785642497,-11.517708332292,2000-02-18,2017-03-18,NoClass,921
-55.665730277489,-11.517708332292,2000-02-18,2017-03-18,NoClass,922
-55.663604130007,-11.517708332292,2000-02-18,2017-03-18,NoClass,923
-55.661477982526,-11.517708332292,2000-02-18,2017-03-18,NoClass,924
-55.748237002982,-11.515624998959,2000-02-18,2017-03-18,NoClass,925
-55.746110871253,-11.515624998959,2000-02-18,2017-03-18,NoClass,926
-55.743984739524,-11.515624998959,2000-02-18,2017-03-18,NoClass,927
-55.741858607795,-11.515624998959,2000-02-18,2017-03-18,NoClass,928
-55.739732476066,-11.515624998959,2000-02-18,2017-03-18,NoClass,929
-55.737606344337,-11.515624998959,2000-02-18,2017-03-18,NoClass,930
-55.735480212607,-11.515624998959,2000-02-18,2017-03-18,NoClass,931
-55.733354080878,-11.515624998959,2000-02-18,2017-03-18,NoClass,932
-55.731227949149,-11.515624998959,2000-02-18,2017-03-18,NoClass,933
-55.72910181742,-11.515624998959,2000-02-18,2017-03-18,NoClass,934
-55.726975685691,-11.515624998959,2000-02-18,2017-03-18,NoClass,935
-55.724849553962,-11.515624998959,2000-02-18,2017-03-18,NoClass,936
-55.722723422233,-11.515624998959,2000-02-18,2017-03-18,NoClass,937
-55.720597290504,-11.515624998959,2000-02-18,2017-03-18,NoClass,938
-55.718471158775,-11.515624998959,2000-02-18,2017-03-18,NoClass,939
-55.716345027046,-11.515624998959,2000-02-18,2017-03-18,NoClass,940
-55.714218895316,-11.515624998959,2000-02-18,2017-03-18,NoClass,941
-55.712092763587,-11.515624998959,2000-02-18,2017-03-18,NoClass,942
-55.709966631858,-11.515624998959,2000-02-18,2017-03-18,NoClass,943
-55.707840500129,-11.515624998959,2000-02-18,2017-03-18,NoClass,944
-55.7057143684,-11.515624998959,2000-02-18,2017-03-18,NoClass,945
-55.703588236671,-11.515624998959,2000-02-18,2017-03-18,NoClass,946
-55.701462104942,-11.515624998959,2000-02-18,2017-03-18,NoClass,947
-55.699335973213,-11.515624998959,2000-02-18,2017-03-18,NoClass,948
-55.697209841484,-11.515624998959,2000-02-18,2017-03-18,NoClass,949
-55.695083709754,-11.515624998959,2000-02-18,2017-03-18,NoClass,950
-55.692957578025,-11.515624998959,2000-02-18,2017-03-18,NoClass,951
-55.690831446296,-11.515624998959,2000-02-18,2017-03-18,NoClass,952
-55.688705314567,-11.515624998959,2000-02-18,2017-03-18,NoClass,953
-55.686579182838,-11.515624998959,2000-02-18,2017-03-18,NoClass,954
-55.684453051109,-11.515624998959,2000-02-18,2017-03-18,NoClass,955
-55.68232691938,-11.515624998959,2000-02-18,2017-03-18,NoClass,956
-55.680200787651,-11.515624998959,2000-02-18,2017-03-18,NoClass,957
-55.678074655922,-11.515624998959,2000-02-18,2017-03-18,NoClass,958
-55.675948524193,-11.515624998959,2000-02-18,2017-03-18,NoClass,959
-55.673822392463,-11.515624998959,2000-02-18,2017-03-18,NoClass,960
-55.671696260734,-11.515624998959,2000-02-18,2017-03-18,NoClass,961
-55.669570129005,-11.515624998959,2000-02-18,2017-03-18,NoClass,962
-55.667443997276,-11.515624998959,2000-02-18,2017-03-18,NoClass,963
-55.665317865547,-11.515624998959,2000-02-18,2017-03-18,NoClass,964
-55.663191733818,-11.515624998959,2000-02-18,2017-03-18,NoClass,965
-55.661065602089,-11.515624998959,2000-02-18,2017-03-18,NoClass,966
-55.747824056536,-11.513541665626,2000-02-18,2017-03-18,NoClass,967
-55.745697940556,-11.513541665626,2000-02-18,2017-03-18,NoClass,968
-55.743571824576,-11.513541665626,2000-02-18,2017-03-18,NoClass,969
-55.741445708596,-11.513541665626,2000-02-18,2017-03-18,NoClass,970
-55.739319592616,-11.513541665626,2000-02-18,2017-03-18,NoClass,971
-55.737193476635,-11.513541665626,2000-02-18,2017-03-18,NoClass,972
-55.735067360655,-11.513541665626,2000-02-18,2017-03-18,NoClass,973
-55.732941244675,-11.513541665626,2000-02-18,2017-03-18,NoClass,974
-55.730815128695,-11.513541665626,2000-02-18,2017-03-18,NoClass,975
-55.728689012715,-11.513541665626,2000-02-18,2017-03-18,NoClass,976
-55.726562896735,-11.513541665626,2000-02-18,2017-03-18,NoClass,977
-55.724436780755,-11.513541665626,2000-02-18,2017-03-18,NoClass,978
-55.722310664775,-11.513541665626,2000-02-18,2017-03-18,NoClass,979
-55.720184548795,-11.513541665626,2000-02-18,2017-03-18,NoClass,980
-55.718058432815,-11.513541665626,2000-02-18,2017-03-18,NoClass,981
-55.715932316834,-11.513541665626,2000-02-18,2017-03-18,NoClass,982
-55.713806200854,-11.513541665626,2000-02-18,2017-03-18,NoClass,983
-55.711680084874,-11.513541665626,2000-02-18,2017-03-18,NoClass,984
-55.709553968894,-11.513541665626,2000-02-18,2017-03-18,NoClass,985
-55.707427852914,-11.513541665626,2000-02-18,2017-03-18,NoClass,986
-55.705301736934,-11.513541665626,2000-02-18,2017-03-18,NoClass,987
-55.703175620954,-11.513541665626,2000-02-18,2017-03-18,NoClass,988
-55.701049504974,-11.513541665626,2000-02-18,2017-03-18,NoClass,989
-55.698923388993,-11.513541665626,2000-02-18,2017-03-18,NoClass,990
-55.696797273013,-11.513541665626,2000-02-18,2017-03-18,NoClass,991
-55.694671157033,-11.513541665626,2000-02-18,2017-03-18,NoClass,992
-55.692545041053,-11.513541665626,2000-02-18,2017-03-18,NoClass,993
-55.690418925073,-11.513541665626,2000-02-18,2017-03-18,NoClass,994
-55.688292809093,-11.513541665626,2000-02-18,2017-03-18,NoClass,995
-55.686166693113,-11.513541665626,2000-02-18,2017-03-18,NoClass,996
-55.684040577133,-11.513541665626,2000-02-18,2017-03-18,NoClass,997
-55.681914461153,-11.513541665626,2000-02-18,2017-03-18,NoClass,998
-55.679788345172,-11.513541665626,2000-02-18,2017-03-18,NoClass,999
-55.677662229192,-11.513541665626,2000-02-18,2017-03-18,NoClass,1000
-55.675536113212,-11.513541665626,2000-02-18,2017-03-18,NoClass,1001
-55.673409997232,-11.513541665626,2000-02-18,2017-03-18,NoClass,1002
-55.671283881252,-11.513541665626,2000-02-18,2017-03-18,NoClass,1003
-55.669157765272,-11.513541665626,2000-02-18,2017-03-18,NoClass,1004
-55.667031649292,-11.513541665626,2000-02-18,2017-03-18,NoClass,1005
-55.664905533312,-11.513541665626,2000-02-18,2017-03-18,NoClass,1006
-55.662779417331,-11.513541665626,2000-02-18,2017-03-18,NoClass,1007
-55.660653301351,-11.513541665626,2000-02-18,2017-03-18,NoClass,1008
-55.747411189912,-11.511458332293,2000-02-18,2017-03-18,NoClass,1009
-55.745285089678,-11.511458332293,2000-02-18,2017-03-18,NoClass,1010
-55.743158989444,-11.511458332293,2000-02-18,2017-03-18,NoClass,1011
-55.741032889209,-11.511458332293,2000-02-18,2017-03-18,NoClass,1012
-55.738906788975,-11.511458332293,2000-02-18,2017-03-18,NoClass,1013
-55.736780688741,-11.511458332293,2000-02-18,2017-03-18,NoClass,1014
-55.734654588507,-11.511458332293,2000-02-18,2017-03-18,NoClass,1015
-55.732528488273,-11.511458332293,2000-02-18,2017-03-18,NoClass,1016
-55.730402388039,-11.511458332293,2000-02-18,2017-03-18,NoClass,1017
-55.728276287804,-11.511458332293,2000-02-18,2017-03-18,NoClass,1018
-55.72615018757,-11.511458332293,2000-02-18,2017-03-18,NoClass,1019
-55.724024087336,-11.511458332293,2000-02-18,2017-03-18,NoClass,1020
-55.721897987102,-11.511458332293,2000-02-18,2017-03-18,NoClass,1021
-55.719771886868,-11.511458332293,2000-02-18,2017-03-18,NoClass,1022
-55.717645786634,-11.511458332293,2000-02-18,2017-03-18,NoClass,1023
-55.7155196864,-11.511458332293,2000-02-18,2017-03-18,NoClass,1024
-55.713393586165,-11.511458332293,2000-02-18,2017-03-18,NoClass,1025
-55.711267485931,-11.511458332293,2000-02-18,2017-03-18,NoClass,1026
-55.709141385697,-11.511458332293,2000-02-18,2017-03-18,NoClass,1027
-55.707015285463,-11.511458332293,2000-02-18,2017-03-18,NoClass,1028
-55.704889185229,-11.511458332293,2000-02-18,2017-03-18,NoClass,1029
-55.702763084995,-11.511458332293,2000-02-18,2017-03-18,NoClass,1030
-55.70063698476,-11.511458332293,2000-02-18,2017-03-18,NoClass,1031
-55.698510884526,-11.511458332293,2000-02-18,2017-03-18,NoClass,1032
-55.696384784292,-11.511458332293,2000-02-18,2017-03-18,NoClass,1033
-55.694258684058,-11.511458332293,2000-02-18,2017-03-18,NoClass,1034
-55.692132583824,-11.511458332293,2000-02-18,2017-03-18,NoClass,1035
-55.69000648359,-11.511458332293,2000-02-18,2017-03-18,NoClass,1036
-55.687880383355,-11.511458332293,2000-02-18,2017-03-18,NoClass,1037
-55.685754283121,-11.511458332293,2000-02-18,2017-03-18,NoClass,1038
-55.683628182887,-11.511458332293,2000-02-18,2017-03-18,NoClass,1039
-55.681502082653,-11.511458332293,2000-02-18,2017-03-18,NoClass,1040
-55.679375982419,-11.511458332293,2000-02-18,2017-03-18,NoClass,1041
-55.677249882185,-11.511458332293,2000-02-18,2017-03-18,NoClass,1042
-55.67512378195,-11.511458332293,2000-02-18,2017-03-18,NoClass,1043
-55.672997681716,-11.511458332293,2000-02-18,2017-03-18,NoClass,1044
-55.670871581482,-11.511458332293,2000-02-18,2017-03-18,NoClass,1045
-55.668745481248,-11.511458332293,2000-02-18,2017-03-18,NoClass,1046
-55.666619381014,-11.511458332293,2000-02-18,2017-03-18,NoClass,1047
-55.66449328078,-11.511458332293,2000-02-18,2017-03-18,NoClass,1048
-55.662367180545,-11.511458332293,2000-02-18,2017-03-18,NoClass,1049
-55.660241080311,-11.511458332293,2000-02-18,2017-03-18,NoClass,1050
-55.746998403107,-11.509374998959,2000-02-18,2017-03-18,NoClass,1051
-55.744872318616,-11.509374998959,2000-02-18,2017-03-18,NoClass,1052
-55.742746234125,-11.509374998959,2000-02-18,2017-03-18,NoClass,1053
-55.740620149633,-11.509374998959,2000-02-18,2017-03-18,NoClass,1054
-55.738494065142,-11.509374998959,2000-02-18,2017-03-18,NoClass,1055
-55.736367980651,-11.509374998959,2000-02-18,2017-03-18,NoClass,1056
-55.73424189616,-11.509374998959,2000-02-18,2017-03-18,NoClass,1057
-55.732115811668,-11.509374998959,2000-02-18,2017-03-18,NoClass,1058
-55.729989727177,-11.509374998959,2000-02-18,2017-03-18,NoClass,1059
-55.727863642686,-11.509374998959,2000-02-18,2017-03-18,NoClass,1060
-55.725737558195,-11.509374998959,2000-02-18,2017-03-18,NoClass,1061
-55.723611473703,-11.509374998959,2000-02-18,2017-03-18,NoClass,1062
-55.721485389212,-11.509374998959,2000-02-18,2017-03-18,NoClass,1063
-55.719359304721,-11.509374998959,2000-02-18,2017-03-18,NoClass,1064
-55.71723322023,-11.509374998959,2000-02-18,2017-03-18,NoClass,1065
-55.715107135738,-11.509374998959,2000-02-18,2017-03-18,NoClass,1066
-55.712981051247,-11.509374998959,2000-02-18,2017-03-18,NoClass,1067
-55.710854966756,-11.509374998959,2000-02-18,2017-03-18,NoClass,1068
-55.708728882265,-11.509374998959,2000-02-18,2017-03-18,NoClass,1069
-55.706602797773,-11.509374998959,2000-02-18,2017-03-18,NoClass,1070
-55.704476713282,-11.509374998959,2000-02-18,2017-03-18,NoClass,1071
-55.702350628791,-11.509374998959,2000-02-18,2017-03-18,NoClass,1072
-55.7002245443,-11.509374998959,2000-02-18,2017-03-18,NoClass,1073
-55.698098459808,-11.509374998959,2000-02-18,2017-03-18,NoClass,1074
-55.695972375317,-11.509374998959,2000-02-18,2017-03-18,NoClass,1075
-55.693846290826,-11.509374998959,2000-02-18,2017-03-18,NoClass,1076
-55.691720206334,-11.509374998959,2000-02-18,2017-03-18,NoClass,1077
-55.689594121843,-11.509374998959,2000-02-18,2017-03-18,NoClass,1078
-55.687468037352,-11.509374998959,2000-02-18,2017-03-18,NoClass,1079
-55.685341952861,-11.509374998959,2000-02-18,2017-03-18,NoClass,1080
-55.683215868369,-11.509374998959,2000-02-18,2017-03-18,NoClass,1081
-55.681089783878,-11.509374998959,2000-02-18,2017-03-18,NoClass,1082
-55.678963699387,-11.509374998959,2000-02-18,2017-03-18,NoClass,1083
-55.676837614896,-11.509374998959,2000-02-18,2017-03-18,NoClass,1084
-55.674711530404,-11.509374998959,2000-02-18,2017-03-18,NoClass,1085
-55.672585445913,-11.509374998959,2000-02-18,2017-03-18,NoClass,1086
-55.670459361422,-11.509374998959,2000-02-18,2017-03-18,NoClass,1087
-55.668333276931,-11.509374998959,2000-02-18,2017-03-18,NoClass,1088
-55.666207192439,-11.509374998959,2000-02-18,2017-03-18,NoClass,1089
-55.664081107948,-11.509374998959,2000-02-18,2017-03-18,NoClass,1090
-55.661955023457,-11.509374998959,2000-02-18,2017-03-18,NoClass,1091
-55.659828938965,-11.509374998959,2000-02-18,2017-03-18,NoClass,1092
-55.746585696119,-11.507291665626,2000-02-18,2017-03-18,NoClass,1093
-55.744459627367,-11.507291665626,2000-02-18,2017-03-18,NoClass,1094
-55.742333558616,-11.507291665626,2000-02-18,2017-03-18,NoClass,1095
-55.740207489865,-11.507291665626,2000-02-18,2017-03-18,NoClass,1096
-55.738081421113,-11.507291665626,2000-02-18,2017-03-18,NoClass,1097
-55.735955352362,-11.507291665626,2000-02-18,2017-03-18,NoClass,1098
-55.73382928361,-11.507291665626,2000-02-18,2017-03-18,NoClass,1099
-55.731703214859,-11.507291665626,2000-02-18,2017-03-18,NoClass,1100
-55.729577146108,-11.507291665626,2000-02-18,2017-03-18,NoClass,1101
-55.727451077356,-11.507291665626,2000-02-18,2017-03-18,NoClass,1102
-55.725325008605,-11.507291665626,2000-02-18,2017-03-18,NoClass,1103
-55.723198939853,-11.507291665626,2000-02-18,2017-03-18,NoClass,1104
-55.721072871102,-11.507291665626,2000-02-18,2017-03-18,NoClass,1105
-55.718946802351,-11.507291665626,2000-02-18,2017-03-18,NoClass,1106
-55.716820733599,-11.507291665626,2000-02-18,2017-03-18,NoClass,1107
-55.714694664848,-11.507291665626,2000-02-18,2017-03-18,NoClass,1108
-55.712568596096,-11.507291665626,2000-02-18,2017-03-18,NoClass,1109
-55.710442527345,-11.507291665626,2000-02-18,2017-03-18,NoClass,1110
-55.708316458594,-11.507291665626,2000-02-18,2017-03-18,NoClass,1111
-55.706190389842,-11.507291665626,2000-02-18,2017-03-18,NoClass,1112
-55.704064321091,-11.507291665626,2000-02-18,2017-03-18,NoClass,1113
-55.701938252339,-11.507291665626,2000-02-18,2017-03-18,NoClass,1114
-55.699812183588,-11.507291665626,2000-02-18,2017-03-18,NoClass,1115
-55.697686114837,-11.507291665626,2000-02-18,2017-03-18,NoClass,1116
-55.695560046085,-11.507291665626,2000-02-18,2017-03-18,NoClass,1117
-55.693433977334,-11.507291665626,2000-02-18,2017-03-18,NoClass,1118
-55.691307908582,-11.507291665626,2000-02-18,2017-03-18,NoClass,1119
-55.689181839831,-11.507291665626,2000-02-18,2017-03-18,NoClass,1120
-55.68705577108,-11.507291665626,2000-02-18,2017-03-18,NoClass,1121
-55.684929702328,-11.507291665626,2000-02-18,2017-03-18,NoClass,1122
-55.682803633577,-11.507291665626,2000-02-18,2017-03-18,NoClass,1123
-55.680677564825,-11.507291665626,2000-02-18,2017-03-18,NoClass,1124
-55.678551496074,-11.507291665626,2000-02-18,2017-03-18,NoClass,1125
-55.676425427322,-11.507291665626,2000-02-18,2017-03-18,NoClass,1126
-55.674299358571,-11.507291665626,2000-02-18,2017-03-18,NoClass,1127
-55.67217328982,-11.507291665626,2000-02-18,2017-03-18,NoClass,1128
-55.670047221068,-11.507291665626,2000-02-18,2017-03-18,NoClass,1129
-55.667921152317,-11.507291665626,2000-02-18,2017-03-18,NoClass,1130
-55.665795083565,-11.507291665626,2000-02-18,2017-03-18,NoClass,1131
-55.663669014814,-11.507291665626,2000-02-18,2017-03-18,NoClass,1132
-55.661542946063,-11.507291665626,2000-02-18,2017-03-18,NoClass,1133
-55.659416877311,-11.507291665626,2000-02-18,2017-03-18,NoClass,1134
-55.746173068944,-11.505208332293,2000-02-18,2017-03-18,NoClass,1135
-55.744047015929,-11.505208332293,2000-02-18,2017-03-18,NoClass,1136
-55.741920962915,-11.505208332293,2000-02-18,2017-03-18,NoClass,1137
-55.7397949099,-11.505208332293,2000-02-18,2017-03-18,NoClass,1138
-55.737668856885,-11.505208332293,2000-02-18,2017-03-18,NoClass,1139
-55.735542803871,-11.505208332293,2000-02-18,2017-03-18,NoClass,1140
-55.733416750856,-11.505208332293,2000-02-18,2017-03-18,NoClass,1141
-55.731290697842,-11.505208332293,2000-02-18,2017-03-18,NoClass,1142
-55.729164644827,-11.505208332293,2000-02-18,2017-03-18,NoClass,1143
-55.727038591813,-11.505208332293,2000-02-18,2017-03-18,NoClass,1144
-55.724912538798,-11.505208332293,2000-02-18,2017-03-18,NoClass,1145
-55.722786485783,-11.505208332293,2000-02-18,2017-03-18,NoClass,1146
-55.720660432769,-11.505208332293,2000-02-18,2017-03-18,NoClass,1147
-55.718534379754,-11.505208332293,2000-02-18,2017-03-18,NoClass,1148
-55.71640832674,-11.505208332293,2000-02-18,2017-03-18,NoClass,1149
-55.714282273725,-11.505208332293,2000-02-18,2017-03-18,NoClass,1150
-55.71215622071,-11.505208332293,2000-02-18,2017-03-18,NoClass,1151
-55.710030167696,-11.505208332293,2000-02-18,2017-03-18,NoClass,1152
-55.707904114681,-11.505208332293,2000-02-18,2017-03-18,NoClass,1153
-55.705778061667,-11.505208332293,2000-02-18,2017-03-18,NoClass,1154
-55.703652008652,-11.505208332293,2000-02-18,2017-03-18,NoClass,1155
-55.701525955637,-11.505208332293,2000-02-18,2017-03-18,NoClass,1156
-55.699399902623,-11.505208332293,2000-02-18,2017-03-18,NoClass,1157
-55.697273849608,-11.505208332293,2000-02-18,2017-03-18,NoClass,1158
-55.695147796594,-11.505208332293,2000-02-18,2017-03-18,NoClass,1159
-55.693021743579,-11.505208332293,2000-02-18,2017-03-18,NoClass,1160
-55.690895690565,-11.505208332293,2000-02-18,2017-03-18,NoClass,1161
-55.68876963755,-11.505208332293,2000-02-18,2017-03-18,NoClass,1162
-55.686643584535,-11.505208332293,2000-02-18,2017-03-18,NoClass,1163
-55.684517531521,-11.505208332293,2000-02-18,2017-03-18,NoClass,1164
-55.682391478506,-11.505208332293,2000-02-18,2017-03-18,NoClass,1165
-55.680265425492,-11.505208332293,2000-02-18,2017-03-18,NoClass,1166
-55.678139372477,-11.505208332293,2000-02-18,2017-03-18,NoClass,1167
-55.676013319462,-11.505208332293,2000-02-18,2017-03-18,NoClass,1168
-55.673887266448,-11.505208332293,2000-02-18,2017-03-18,NoClass,1169
-55.671761213433,-11.505208332293,2000-02-18,2017-03-18,NoClass,1170
-55.669635160419,-11.505208332293,2000-02-18,2017-03-18,NoClass,1171
-55.667509107404,-11.505208332293,2000-02-18,2017-03-18,NoClass,1172
-55.66538305439,-11.505208332293,2000-02-18,2017-03-18,NoClass,1173
-55.663257001375,-11.505208332293,2000-02-18,2017-03-18,NoClass,1174
-55.66113094836,-11.505208332293,2000-02-18,2017-03-18,NoClass,1175
-55.659004895346,-11.505208332293,2000-02-18,2017-03-18,NoClass,1176
-55.745760521579,-11.50312499896,2000-02-18,2017-03-18,NoClass,1177
-55.743634484299,-11.50312499896,2000-02-18,2017-03-18,NoClass,1178
-55.741508447018,-11.50312499896,2000-02-18,2017-03-18,NoClass,1179
-55.739382409737,-11.50312499896,2000-02-18,2017-03-18,NoClass,1180
-55.737256372456,-11.50312499896,2000-02-18,2017-03-18,NoClass,1181
-55.735130335175,-11.50312499896,2000-02-18,2017-03-18,NoClass,1182
-55.733004297895,-11.50312499896,2000-02-18,2017-03-18,NoClass,1183
-55.730878260614,-11.50312499896,2000-02-18,2017-03-18,NoClass,1184
-55.728752223333,-11.50312499896,2000-02-18,2017-03-18,NoClass,1185
-55.726626186052,-11.50312499896,2000-02-18,2017-03-18,NoClass,1186
-55.724500148771,-11.50312499896,2000-02-18,2017-03-18,NoClass,1187
-55.722374111491,-11.50312499896,2000-02-18,2017-03-18,NoClass,1188
-55.72024807421,-11.50312499896,2000-02-18,2017-03-18,NoClass,1189
-55.718122036929,-11.50312499896,2000-02-18,2017-03-18,NoClass,1190
-55.715995999648,-11.50312499896,2000-02-18,2017-03-18,NoClass,1191
-55.713869962367,-11.50312499896,2000-02-18,2017-03-18,NoClass,1192
-55.711743925087,-11.50312499896,2000-02-18,2017-03-18,NoClass,1193
-55.709617887806,-11.50312499896,2000-02-18,2017-03-18,NoClass,1194
-55.707491850525,-11.50312499896,2000-02-18,2017-03-18,NoClass,1195
-55.705365813244,-11.50312499896,2000-02-18,2017-03-18,NoClass,1196
-55.703239775963,-11.50312499896,2000-02-18,2017-03-18,NoClass,1197
-55.701113738683,-11.50312499896,2000-02-18,2017-03-18,NoClass,1198
-55.698987701402,-11.50312499896,2000-02-18,2017-03-18,NoClass,1199
-55.696861664121,-11.50312499896,2000-02-18,2017-03-18,NoClass,1200
-55.69473562684,-11.50312499896,2000-02-18,2017-03-18,NoClass,1201
-55.692609589559,-11.50312499896,2000-02-18,2017-03-18,NoClass,1202
-55.690483552278,-11.50312499896,2000-02-18,2017-03-18,NoClass,1203
-55.688357514998,-11.50312499896,2000-02-18,2017-03-18,NoClass,1204
-55.686231477717,-11.50312499896,2000-02-18,2017-03-18,NoClass,1205
-55.684105440436,-11.50312499896,2000-02-18,2017-03-18,NoClass,1206
-55.681979403155,-11.50312499896,2000-02-18,2017-03-18,NoClass,1207
-55.679853365874,-11.50312499896,2000-02-18,2017-03-18,NoClass,1208
-55.677727328593,-11.50312499896,2000-02-18,2017-03-18,NoClass,1209
-55.675601291313,-11.50312499896,2000-02-18,2017-03-18,NoClass,1210
-55.673475254032,-11.50312499896,2000-02-18,2017-03-18,NoClass,1211
-55.671349216751,-11.50312499896,2000-02-18,2017-03-18,NoClass,1212
-55.66922317947,-11.50312499896,2000-02-18,2017-03-18,NoClass,1213
-55.667097142189,-11.50312499896,2000-02-18,2017-03-18,NoClass,1214
-55.664971104909,-11.50312499896,2000-02-18,2017-03-18,NoClass,1215
-55.662845067628,-11.50312499896,2000-02-18,2017-03-18,NoClass,1216
-55.660719030347,-11.50312499896,2000-02-18,2017-03-18,NoClass,1217
-55.658592993066,-11.50312499896,2000-02-18,2017-03-18,NoClass,1218
-55.745348054023,-11.501041665627,2000-02-18,2017-03-18,NoClass,1219
-55.743222032473,-11.501041665627,2000-02-18,2017-03-18,NoClass,1220
-55.741096010923,-11.501041665627,2000-02-18,2017-03-18,NoClass,1221
-55.738969989373,-11.501041665627,2000-02-18,2017-03-18,NoClass,1222
-55.736843967823,-11.501041665627,2000-02-18,2017-03-18,NoClass,1223
-55.734717946273,-11.501041665627,2000-02-18,2017-03-18,NoClass,1224
-55.732591924722,-11.501041665627,2000-02-18,2017-03-18,NoClass,1225
-55.730465903172,-11.501041665627,2000-02-18,2017-03-18,NoClass,1226
-55.728339881622,-11.501041665627,2000-02-18,2017-03-18,NoClass,1227
-55.726213860072,-11.501041665627,2000-02-18,2017-03-18,NoClass,1228
-55.724087838522,-11.501041665627,2000-02-18,2017-03-18,NoClass,1229
-55.721961816972,-11.501041665627,2000-02-18,2017-03-18,NoClass,1230
-55.719835795422,-11.501041665627,2000-02-18,2017-03-18,NoClass,1231
-55.717709773872,-11.501041665627,2000-02-18,2017-03-18,NoClass,1232
-55.715583752322,-11.501041665627,2000-02-18,2017-03-18,NoClass,1233
-55.713457730772,-11.501041665627,2000-02-18,2017-03-18,NoClass,1234
-55.711331709222,-11.501041665627,2000-02-18,2017-03-18,NoClass,1235
-55.709205687671,-11.501041665627,2000-02-18,2017-03-18,NoClass,1236
-55.707079666121,-11.501041665627,2000-02-18,2017-03-18,NoClass,1237
-55.704953644571,-11.501041665627,2000-02-18,2017-03-18,NoClass,1238
-55.702827623021,-11.501041665627,2000-02-18,2017-03-18,NoClass,1239
-55.700701601471,-11.501041665627,2000-02-18,2017-03-18,NoClass,1240
-55.698575579921,-11.501041665627,2000-02-18,2017-03-18,NoClass,1241
-55.696449558371,-11.501041665627,2000-02-18,2017-03-18,NoClass,1242
-55.694323536821,-11.501041665627,2000-02-18,2017-03-18,NoClass,1243
-55.692197515271,-11.501041665627,2000-02-18,2017-03-18,NoClass,1244
-55.690071493721,-11.501041665627,2000-02-18,2017-03-18,NoClass,1245
-55.687945472171,-11.501041665627,2000-02-18,2017-03-18,NoClass,1246
-55.685819450621,-11.501041665627,2000-02-18,2017-03-18,NoClass,1247
-55.683693429071,-11.501041665627,2000-02-18,2017-03-18,NoClass,1248
-55.68156740752,-11.501041665627,2000-02-18,2017-03-18,NoClass,1249
-55.67944138597,-11.501041665627,2000-02-18,2017-03-18,NoClass,1250
-55.67731536442,-11.501041665627,2000-02-18,2017-03-18,NoClass,1251
-55.67518934287,-11.501041665627,2000-02-18,2017-03-18,NoClass,1252
-55.67306332132,-11.501041665627,2000-02-18,2017-03-18,NoClass,1253
-55.67093729977,-11.501041665627,2000-02-18,2017-03-18,NoClass,1254
-55.66881127822,-11.501041665627,2000-02-18,2017-03-18,NoClass,1255
-55.66668525667,-11.501041665627,2000-02-18,2017-03-18,NoClass,1256
-55.66455923512,-11.501041665627,2000-02-18,2017-03-18,NoClass,1257
-55.66243321357,-11.501041665627,2000-02-18,2017-03-18,NoClass,1258
-55.66030719202,-11.501041665627,2000-02-18,2017-03-18,NoClass,1259
-55.658181170469,-11.501041665627,2000-02-18,2017-03-18,NoClass,1260
-55.744935666271,-11.498958332294,2000-02-18,2017-03-18,NoClass,1261
-55.742809660449,-11.498958332294,2000-02-18,2017-03-18,NoClass,1262
-55.740683654627,-11.498958332294,2000-02-18,2017-03-18,NoClass,1263
-55.738557648804,-11.498958332294,2000-02-18,2017-03-18,NoClass,1264
-55.736431642982,-11.498958332294,2000-02-18,2017-03-18,NoClass,1265
-55.734305637159,-11.498958332294,2000-02-18,2017-03-18,NoClass,1266
-55.732179631337,-11.498958332294,2000-02-18,2017-03-18,NoClass,1267
-55.730053625515,-11.498958332294,2000-02-18,2017-03-18,NoClass,1268
-55.727927619692,-11.498958332294,2000-02-18,2017-03-18,NoClass,1269
-55.72580161387,-11.498958332294,2000-02-18,2017-03-18,NoClass,1270
-55.723675608047,-11.498958332294,2000-02-18,2017-03-18,NoClass,1271
-55.721549602225,-11.498958332294,2000-02-18,2017-03-18,NoClass,1272
-55.719423596402,-11.498958332294,2000-02-18,2017-03-18,NoClass,1273
-55.71729759058,-11.498958332294,2000-02-18,2017-03-18,NoClass,1274
-55.715171584758,-11.498958332294,2000-02-18,2017-03-18,NoClass,1275
-55.713045578935,-11.498958332294,2000-02-18,2017-03-18,NoClass,1276
-55.710919573113,-11.498958332294,2000-02-18,2017-03-18,NoClass,1277
-55.70879356729,-11.498958332294,2000-02-18,2017-03-18,NoClass,1278
-55.706667561468,-11.498958332294,2000-02-18,2017-03-18,NoClass,1279
-55.704541555646,-11.498958332294,2000-02-18,2017-03-18,NoClass,1280
-55.702415549823,-11.498958332294,2000-02-18,2017-03-18,NoClass,1281
-55.700289544001,-11.498958332294,2000-02-18,2017-03-18,NoClass,1282
-55.698163538178,-11.498958332294,2000-02-18,2017-03-18,NoClass,1283
-55.696037532356,-11.498958332294,2000-02-18,2017-03-18,NoClass,1284
-55.693911526534,-11.498958332294,2000-02-18,2017-03-18,NoClass,1285
-55.691785520711,-11.498958332294,2000-02-18,2017-03-18,NoClass,1286
-55.689659514889,-11.498958332294,2000-02-18,2017-03-18,NoClass,1287
-55.687533509066,-11.498958332294,2000-02-18,2017-03-18,NoClass,1288
-55.685407503244,-11.498958332294,2000-02-18,2017-03-18,NoClass,1289
-55.683281497422,-11.498958332294,2000-02-18,2017-03-18,NoClass,1290
-55.681155491599,-11.498958332294,2000-02-18,2017-03-18,NoClass,1291
-55.679029485777,-11.498958332294,2000-02-18,2017-03-18,NoClass,1292
-55.676903479954,-11.498958332294,2000-02-18,2017-03-18,NoClass,1293
-55.674777474132,-11.498958332294,2000-02-18,2017-03-18,NoClass,1294
-55.67265146831,-11.498958332294,2000-02-18,2017-03-18,NoClass,1295
-55.670525462487,-11.498958332294,2000-02-18,2017-03-18,NoClass,1296
-55.668399456665,-11.498958332294,2000-02-18,2017-03-18,NoClass,1297
-55.666273450843,-11.498958332294,2000-02-18,2017-03-18,NoClass,1298
-55.66414744502,-11.498958332294,2000-02-18,2017-03-18,NoClass,1299
-55.662021439198,-11.498958332294,2000-02-18,2017-03-18,NoClass,1300
-55.659895433375,-11.498958332294,2000-02-18,2017-03-18,NoClass,1301
-55.657769427553,-11.498958332294,2000-02-18,2017-03-18,NoClass,1302
